river_name,country,mouth_lat,mouth_lon,u_ms,v_ms,current_speed_ms
Rungwa,United Republic of Tanzania,-803843.460505356,3562223.705384754,,,
Ligonha,Mozambique,-1703608.5057877428,4160864.922109226,,,
Dongwe,Zambia,-1559692.2617182364,2664438.5347634167,,,
Cuito,Angola,-1419870.0392382694,2041473.357037973,,,
Bagoé,Mali,1296021.038813174,-730381.9637145364,,,
Hadejia,Nigeria,1284953.6915274728,834124.3368239369,,,
Sous,Morocco,3550578.061351372,-951781.6462824872,,,
Oum Er Rbia,Morocco,3828808.0487369113,-667916.9447596414,,,
San Miguel,Bolivia,-1499357.059038867,-7124447.410769508,,,
Coari,Brazil,-446562.0680491888,-7032864.300399591,,,
Dan,China,3879382.4709509774,12381956.076286787,,,
Dan,China,3879382.4709509774,12381956.076286787,,,
Tonle Sap,Cambodia,1475643.66888082,11542428.830583531,,,
Tonle Sap,Cambodia,1290604.024992757,11683111.011282334,,,
Maningory,Madagascar,-1954296.4876165031,5409768.508100345,,,
Maningory,Madagascar,-1954296.4876165031,5409768.508100345,,,
Bois,Brazil,-2097997.261418931,-5571083.930354386,,,
Bois,Brazil,-2059480.381231932,-5577796.800038452,,,
Cauca,Colombia,1047039.205159124,-8321115.630231164,,,
Cojedes,Venezuela,886759.806413385,-7528461.608593132,,,
Vaupés,Brazil,6572.8070560387705,-7486599.93582241,,,
Santiago,Ecuador,-544319.53652749,-8508711.801410278,,,
Aripuanã,Brazil,-570000.9594582013,-6723039.545750344,,,
Teles Pires,Brazil,-1222686.1131287175,-6530662.832962212,,,
Unini,Brazil,-187089.3059746523,-6838604.179234514,,,
Ajajú,Colombia,-132686.10236981622,-7731687.623315999,,,
Jutaí,Brazil,-299595.6265469093,-7431587.017545127,,,
Rio das Mortes,Brazil,-1308467.1498176928,-5645833.229055026,,,
Miranda,Brazil,-2188368.0576951825,-6383487.921220804,,,
Verde,Brazil,-2399373.6857035398,-5773937.611819472,,,
Taquari,Brazil,-2185372.285478609,-6380126.050856758,,,
San Martin,Bolivia,-1391534.3102221738,-7157435.593856636,,,
Verde,Paraguay,-2616260.98207859,-6432271.731273032,,,
Chico,Argentina,-6366524.918157654,-7651883.289144767,,,
Gallegos,Argentina,-6699114.72115454,-7749706.378783758,,,
Rio Rapel,Chile,-3861824.580956915,-7964643.225680166,,,
Cess,Liberia,605160.3846966388,-1066514.644898913,,,
Rokel,Sierra Leone,951128.285614557,-1432645.9720641545,,,
Ogun,Nigeria,730384.1867292692,385123.0410730402,,,
Gamtoos,South Africa,-4000365.3067616746,2785107.1234162813,,,
Wami,United Republic of Tanzania,-682236.6191104067,4324468.699130065,,,
Notwani,Botswana,-2705556.5680537056,3001033.2353187613,,,
Mogalakwena,South Africa,-2550385.213107075,3218318.2277240893,,,
Umzingwani,Zimbabwe,-2517984.327750521,3332056.5258124312,,,
Punguè,Mozambique,-2213263.453188231,3843631.5509584537,,,
Shangani,Zimbabwe,-2078552.866852592,3024677.75606831,,,
Licungo,Mozambique,-1969797.3068741704,4182308.0564441606,,,
Igombe,United Republic of Tanzania,-528892.2915931614,3494540.5852989247,,,
Kangen,South Sudan,740065.7309524098,3699008.616801392,,,
Moulouya,Morocco,4156040.854961536,-260551.74761599457,,,
Fen,China,4201592.535674218,12306913.259397537,,,
Yi,China,4100724.1153431833,13269315.915690282,,,
Bogcang,China,3725937.707243587,9730834.570451276,,,
Tura,Russia,7769897.326438973,7453687.850043443,,,
Herlen,Mongolia,6202081.219636593,13030821.516396506,,,
Bol’shoy Yugan,Russia,8597514.475399405,8169578.712075617,,,
Vasyugan,Russia,8169782.646516596,8983939.490866134,,,
Qarqan,China,4521200.136516152,9537737.650996637,,,
Huan,China,4174607.136738826,12016226.977750389,,,
Zi,China,3735991.6247531553,10791875.644684725,,,
Kaladan,Myanmar,2323856.561724731,10360865.926791528,,,
Mytitha,Myanmar,2640443.030765184,10498286.7942835,,,
Jiulong,China,2791849.822803424,13112381.524177415,,,
Mei,China,2966716.6287518246,12810166.500344116,,,
Tuo,China,3341539.7821143097,11738107.622993585,,,
Baram,Malaysia,509317.53336442384,12690286.0623829,,,
Son,India,2944380.071784607,9448535.29926771,,,
Betwa,India,2970487.8395406525,8928932.008110864,,,
Ba,Vietnam,1459738.9241466585,12170372.946471408,,,
Masi,Indonesia,-261845.09244600823,11693558.084588232,,,
Pembuang,Indonesia,-377986.2273890487,12531889.515448978,,,
Ramu,Papua New Guinea,-444088.4840859592,16102755.700831842,,,
Parbati,India,2961684.8804635024,8521050.436376136,,,
Indravati,India,2107582.7191627547,8935318.746474247,,,
Ravi,Pakistan,3675271.404300089,8260797.642470768,,,
Tumen,North Korea,5176526.259139037,14549479.1887689,,,
Markha,Russia,9182113.039711636,13233756.730691765,,,
Selemdzha,Russia,6719884.465215521,14346734.21774404,,,
Selennyakh,Russia,10365455.990659356,16137874.608547434,,,
Bytantay,Russia,10637650.205464998,14968449.225406868,,,
Uchur,Russia,7802635.242950093,14614922.873786042,,,
Chara,Russia,8438970.325810108,13457276.26684416,,,
Ozhogina,Russia,9902089.497107197,16816102.73856269,,,
Nemor,China,6129654.837426987,13864657.770553837,,,
Penzhina,Russia,8930924.72040762,18439345.28995624,,,
Quan,China,3898180.8349675993,12863679.214546254,,,
Muling,China,5729394.186339582,14862282.609480392,,,
Ivaí,Brazil,-2913257.8944848767,-5695557.384415223,,,
Jejuí Guazú,Paraguay,-2790527.051414266,-6124778.81556667,,,
Tercero,Argentina,-3822911.5010718666,-7007051.0063675,,,
Pardo,Brazil,-2276986.5882596974,-5413817.97199883,,,
Pibor,South Sudan,740065.7309524098,3699008.616801392,,,
Gombe,United Republic of Tanzania,-552806.7190914366,3446419.908932084,,,
Balak,India,2736945.473687717,10127453.740578407,,,
Balak,Bangladesh,2779141.2751437086,10148391.37136628,,,
Gandak,Nepal,2935787.8975341283,9482496.44079488,,,
Ying,China,3806016.1071034414,12971155.791277476,,,
Carcarañá,Argentina,-3815141.907058289,-6764778.919275812,,,
Gwayi,Zimbabwe,-2078552.866852592,3024677.75606831,,,
Javari,Peru,-468854.5393848453,-7788551.336838158,,,
Guárico,Venezuela,995016.2365075102,-7503194.584523186,,,
Guárico,Venezuela,1089966.1971937302,-7452383.324760707,,,
Limay,Argentina,-4788817.096089291,-7715864.818740841,,,
Limay,Argentina,-4993466.110877202,-7922854.932456597,,,
Di’er Songhua,China,5390186.210853919,14101820.466954824,,,
Di’er Songhua,China,5389998.901773524,14101918.306351025,,,
Ogooué,Gabon,-86824.17783848789,1111428.3632790337,,,
Ogooué,Gabon,-106117.5596474595,993939.5550028322,,,
Chico,Argentina,-5684897.390115614,-7630173.814231274,,,
Chico,Argentina,-5684897.390115614,-7630173.814231274,,,
Pongola,South Africa,-3148437.599625001,3550113.362343377,,,
Pongola,South Africa,-3148437.599625001,3550113.362343377,,,
Lufira,Democratic Republic of the Congo,-1214226.17718177,3004887.020424838,,,
Lufira,Democratic Republic of the Congo,-917558.3263633018,2944574.468186453,,,
Lokoro,Democratic Republic of the Congo,-299838.8631686097,2023824.2170669911,,,
Lokoro,Democratic Republic of the Congo,-191842.69773651703,2049588.5914009812,,,
Awash,Ethiopia,1290838.3292198093,4633304.188773239,,,
Awash,Ethiopia,1269380.5808681303,4630369.006887088,,,
Beas,India,3725842.1481774086,8482566.940535491,,,
Beas,India,3633548.0777355847,8349260.763206144,,,
Tungabhadra,India,1709379.451256475,8495829.614243284,,,
Tungabhadra,India,1789453.1140761706,8709293.43467461,,,
Mahaweli,Sri Lanka,887446.8656789736,9032723.30091836,,,
Mahaweli,Sri Lanka,887446.8656789736,9032723.30091836,,,
Ngun,Laos,2107696.808265632,11441491.186832014,,,
Ngun,Laos,2088482.169740772,11417721.649076205,,,
Qumar,China,4169578.41011685,10274631.37008082,,,
Qumar,China,4095788.3224823694,10566899.388633275,,,
Yalu,North Korea,4904396.458866262,13910397.688279685,,,
Yalu,North Korea,4904396.458866262,13910397.688279685,,,
Corumbá,Brazil,-2032195.7113608187,-5416462.35345737,,,
Corumbá,Brazil,-2032298.0023835455,-5416524.861960501,,,
Lukuga,United Republic of Tanzania,-654941.85995947,3249398.5425852216,,,
Lukuga,Democratic Republic of the Congo,-654941.85995947,3249398.5425852216,,,
Tietê,Brazil,-2557035.6880638017,-5403172.502139521,,,
Tietê,Brazil,-2557035.6880638017,-5403172.502139521,,,
Tao’er,China,5705653.825325042,13785266.53605547,,,
Tao’er,China,5703384.1624597,13807845.694490789,,,
Oka,Russia,7580665.744527519,11332574.196767772,,,
Oka,Russia,7334821.220799081,11365720.009993237,,,
Mearim,Brazil,-427024.2241120657,-4968643.283743951,,,
Mearim,Brazil,-418165.9076686821,-4974826.190031907,,,
Oti,Ghana,971333.0455007352,20399.51410875037,,,
Oti,Ghana,971333.0455007352,20399.51410875037,,,
Luvua,Zambia,-941557.7134332984,3215709.177158622,,,
Luvua,Democratic Republic of the Congo,-941557.7134332984,3215665.692982532,,,
Bol’shoy Yenisey,Russia,6718549.368459821,10515767.433072131,,,
Bunga,Nigeria,1421394.2284677876,1194292.8963426792,,,
Niari,Republic of the Congo,-389399.5809802871,1413887.9856028478,,,
Lungwebungu,Angola,-1595571.496837759,2582171.9091210244,,,
Luangwa,Zambia,-1750151.578088971,3385471.400618365,,,
Great Ruaha,United Republic of Tanzania,-877208.7881692062,4209203.019356523,,,
Tekezé,Ethiopia,1549674.609074127,4209730.264991625,,,
Mun,Thailand,1714845.087587425,11744630.249407252,,,
Chi,Thailand,1699778.4288714344,11656938.972797489,,,
Shandian,China,5118646.20891824,12981450.669967052,,,
Da,Vietnam,2409010.5358583475,11726377.766493002,,,
Onon,Russia,6717026.314980978,12894297.510036416,,,
Tone,Japan,4238903.29439934,15680122.1223582,,,
Taymura,Russia,9250903.53398684,10914647.780356,,,
Alazeya,Russia,11314503.094696833,17105761.706549678,,,
Mana,Russia,7473367.737121019,10656873.584487824,,,
Popigay,Russia,12066164.488185078,11812612.323203707,,,
Contas,Brazil,-1594445.6767187184,-4340568.7153278,,,
Maicuru,Brazil,-242203.4920632211,-6047001.931105686,,,
Mira,Ecuador,198166.83827905916,-8784882.521526003,,,
Copiapó,Chile,-3143781.39496515,-7896182.825946705,,,
Dulce,Argentina,-3548790.11185392,-6963958.187861198,,,
Cả,Vietnam,2101608.2332149297,11772112.24869684,,,
Nakdong,South Korea,4157676.703988991,14355798.48311412,,,
Palyavaam,Russia,10656739.880750824,19004693.934360947,,,
Great Kei,South Africa,-3829593.6378956246,3157386.025976404,,,
Lukenie,Democratic Republic of the Congo,-301822.609690749,2020725.9695204988,,,
Kondoma,Russia,7090736.331386813,9708690.25377687,,,
Daling,China,4962096.828652885,13532558.246701917,,,
Bol’shoy Anyuy,Russia,10564482.780339273,17915263.12866201,,,
Aoukalé,Central African Republic,1046792.875492912,2316130.284273525,,,
Chico,Argentina,-5227289.27636836,-7840778.550084602,,,
Tambo,Peru,-1927829.424598598,-7998261.929320616,,,
Pisco,Peru,-1528176.0269570623,-8484923.239327429,,,
Ocoña,Peru,-1844433.103356262,-8139514.839830615,,,
Yapacani,Bolivia,-1776978.7038770516,-7198036.225520714,,,
Una,Brazil,-933969.4635985208,-3893442.674670833,,,
Piauí,Brazil,-693571.9869508999,-4769980.389749648,,,
Olifants,South Africa,-3699876.806518525,2024829.7886390984,,,
Alima,Republic of the Congo,-175865.2380628612,1850512.5977338112,,,
Ebola,Democratic Republic of the Congo,367586.89233154256,2322815.9763475354,,,
Lua,Democratic Republic of the Congo,303713.211531545,2050023.4331618925,,,
Chinko,Central African Republic,534014.099198947,2659111.723192254,,,
Baoulé,Mali,1513764.1135974205,-1100848.1196838615,,,
Oued Sebou,Morocco,4040640.591236647,-743095.6496991796,,,
Lucala,Angola,-1070062.9677518578,1585134.1065716995,,,
Ngounie,Gabon,-65474.426795696,1146106.9937117042,,,
Ribeira,Brazil,-2822149.053240259,-5293817.952553365,,,
Zuo,China,2596624.7169387625,12032778.142275073,,,
Duliu,China,2937397.9799066405,12184945.580983944,,,
Mogami,Japan,4682464.896863475,15564236.793075358,,,
Ituxi,Brazil,-808160.1298526772,-7218019.922195593,,,
Saint Paul,Liberia,709635.2444700572,-1197728.1462538757,,,
Lobaye,Central African Republic,406785.8479324763,2070390.3341385692,,,
Dja,Cameroon,182988.30989913945,1788830.2939485512,,,
Sankuru,Democratic Republic of the Congo,-473521.6429989945,2270216.429843314,,,
Kwilu,Democratic Republic of the Congo,-352956.87314304936,1931501.875703527,,,
Chambeshi,Zambia,-1325494.8939826738,3316059.78453291,,,
Inkisi,Democratic Republic of the Congo,-526979.6877084303,1654562.0292231906,,,
Shama,United Republic of Tanzania,-687776.3870924462,3598761.284345321,,,
Malagarasi,United Republic of Tanzania,-552790.4591673034,3446419.908932084,,,
Erdao,China,5217450.698208652,14179439.721277475,,,
Nanweng,China,6591374.048879288,14030767.323221924,,,
Chuna,Russia,7875169.183880711,10627831.590380965,,,
Severnaya Sos’va,Russia,9363712.587009516,7286697.74280951,,,
Amgun’,Russia,6940217.037552244,15552039.481681803,,,
Moma,Russia,9962983.965337254,15933352.221824853,,,
Adycha,Russia,10476960.688709944,15004823.738707095,,,
Chaor,China,5902680.704629073,13750087.837597756,,,
Bikin,Russia,5887156.753127873,14921181.925995816,,,
Maya,Russia,8462008.86993678,14978450.585907824,,,
Kukhtuy,Russia,8226970.554694296,15942320.833143648,,,
Jiparaná,Brazil,-890665.481619189,-7000577.299651934,,,
Ventuari,Venezuela,438046.9625676409,-7465004.606871158,,,
Nhamundá,Brazil,-267394.9060068116,-6408888.115580031,,,
Itiquira,Brazil,-1916117.086378552,-6299536.28375488,,,
Ivinheima,Brazil,-2616260.98207859,-5970790.476983982,,,
Verde,Brazil,-2154028.13790637,-5639427.4663646,,,
Bermejo,Argentina,-3089199.4594639065,-6496391.866680397,,,
Gongola,Nigeria,1051322.8586929515,1338578.828135035,,,
Molopo,South Africa,-3293521.156628227,2249697.334250316,,,
Auob,Namibia,-2953426.035350268,2226389.8158654715,,,
Onilahy,Madagascar,-2684312.971615964,4870184.238029628,,,
Wei,China,4088510.4022288457,12277811.474548548,,,
Vakh,Russia,8551222.129956476,8549994.591086788,,,
Za’gya,China,3732421.59006666,9907679.27909186,,,
Harirud,Afghanistan,4568723.457506064,6693921.454335328,,,
Yurungkax,China,4529660.513593199,8954044.119803486,,,
Zarafshon,Uzbekistan,4709704.957188896,7087496.732136077,,,
Dali,China,4546876.806572727,12238159.341475455,,,
Jing,China,4067909.5277326615,12141727.74547138,,,
Dam,China,4017612.2217414007,10344831.136857923,,,
Mytinge,Myanmar,2480458.6377337454,10685230.702821244,,,
Qin,China,4134917.355759578,12629370.167201256,,,
Ou,China,3243148.264879883,13421744.259455698,,,
Wainganga,India,2120758.720902957,8896308.004998501,,,
Toxkan,China,5009772.956030572,8910342.52283191,,,
Banas,India,2971254.222563313,8542602.281151297,,,
Tel,India,2357634.4903667085,9345428.882233648,,,
Zayü,China,3295255.1917963894,10807339.704807129,,,
Zhang,China,4391593.610460104,12877501.74702122,,,
Orhon,Mongolia,6457503.280671515,11817161.855127243,,,
Cagayan,Philippines,2060913.101375847,13541146.37147991,,,
Palar,India,1389143.4467680273,8922202.831860766,,,
Tyung,Russia,9259503.38256698,13525122.45259033,,,
Dulgalakh,Russia,10254995.876749134,14829560.766971825,,,
Oloy,Russia,9972334.530766971,17745158.46731555,,,
Bahr Aouk,Central African Republic,1046792.875492912,2316130.284273525,,,
Luan,China,4756396.175673236,13280869.057694549,,,
Udzha,Russia,11632576.339967793,12712827.172164142,,,
Santa,Peru,-1114691.9885083514,-8597982.097164348,,,
Maputo,South Africa,-3003631.4731458607,3637875.300739288,,,
Mongala,Democratic Republic of the Congo,203644.35068904932,2203087.733002644,,,
Bakoy,Mali,1513764.1135974205,-1100848.1196838615,,,
Liu,China,2711384.509054859,12192664.02224012,,,
Rong,China,2787010.891444893,12188679.784605771,,,
Komadugu Yobe,Niger,1528035.733247378,1482837.5823173337,,,
Komadugu Yobe,Nigeria,1421394.2284677876,1194292.8963426792,,,
Ugalla,United Republic of Tanzania,-687776.3870924462,3598761.284345321,,,
Nen,China,5883936.493344444,13744152.247561311,,,
Casiquiare,Venezuela,222546.76006245543,-7472646.950819172,,,
Ibicuí,Brazil,-3407587.926103878,-6320734.819599302,,,
Wuding,China,4546876.806572727,12238159.341475455,,,
Aksu,China,5009772.956030572,8910342.52283191,,,
Luhit,India,3209350.8710187688,10626499.887488171,,,
Kureyka,Russia,9967674.672974665,9708440.219764348,,,
Uda,Russia,7137166.958049065,14527546.85745294,,,
Tumnin,Russia,6567731.435907114,15453960.922508275,,,
Poronay,Russia,6496721.777197053,15929166.869876085,,,
Kouilou,Republic of the Congo,-492745.08091644105,1301443.3417532188,,,
Asahan,Indonesia,267188.2717356468,11037153.57544871,,,
Fimi,Democratic Republic of the Congo,-332831.4519129203,1888669.962253771,,,
Luapula,Zambia,-1325494.8939826738,3316059.78453291,,,
Malagarasi,United Republic of Tanzania,-573264.6542545886,3419117.281868871,,,
Di’er Songhua,China,5662255.066336149,13878708.59495328,,,
Kolidam,India,1209247.8347636005,8758392.505003493,,,
Jhelum,Pakistan,3914517.092304197,8192864.488372412,,,
Jhelum,Pakistan,3890835.48168113,8197897.781754961,,,
Guaporé,Brazil,-1662252.243016543,-6679161.294313396,,,
Kabalebo,Suriname,385941.7032221082,-6417851.291376813,,,
Katanga,Russia,7859080.023829658,11615754.02251719,,,
Kaduna,Nigeria,1166613.0952681198,677445.4148456112,,,
Ouémé,Benin,709635.2444700572,283353.7624537769,,,
Ouémé,Benin,704163.9860261583,284348.4629818639,,,
Komoé,Ivory Coast,577172.4140888812,-413789.9841611077,,,
Chulym,Russia,7897456.583556153,9464559.218157291,,,
Verkhnyaya Taymyra,Russia,12599212.245445924,11107641.424892422,,,
Vitim,Russia,8231036.247724816,12553990.34794729,,,
Fuchun,China,3418877.9339186368,13268788.670055171,,,
Fuchun,China,3507258.2942952663,13374917.23732757,,,
Mae Klong,Thailand,1683146.7103164275,11024988.877187222,,,
Mae Klong,Thailand,1492390.389836522,11132101.273943678,,,
Yom,Thailand,2028966.77924532,11200143.13848226,,,
Yom,Thailand,1759205.126272598,11147614.253764188,,,
Cunene,Angola,-1917699.4583324804,1640141.589326969,,,
Cunene,Angola,-1937602.188940976,1309797.7390847234,,,
Río Negro,Uruguay,-3798092.5969202714,-6172135.801090907,,,
Río Negro,Uruguay,-3860258.589809119,-6324697.315145605,,,
Paranapanema,Brazil,-2608336.078886813,-5623699.783424644,,,
Paranapanema,Brazil,-2640235.664538994,-5480212.873367963,,,
Tana,Kenya,-86975.36801801692,4201223.6730438,,,
Tana,Kenya,-87515.33335525233,4151379.9361993503,,,
Rusizi,United Republic of Tanzania,-603339.1949694259,3289458.339809168,,,
Rusizi,Democratic Republic of the Congo,-274031.1782569643,3214252.45725957,,,
Cauvery,India,1333497.5999817338,8646730.576323505,,,
Cauvery,India,1203309.3633520384,8781074.938357027,,,
Chambal,India,2826450.275294737,8405426.012149842,,,
Chambal,India,3042336.990119442,8821498.915555734,,,
Zeya,Russia,7256078.456794229,14387147.323898727,,,
Zeya,Russia,6449106.061559031,14202529.818781858,,,
Pangani,United Republic of Tanzania,-399256.1207125874,4156880.684474878,,,
Pangani,United Republic of Tanzania,-600448.2863903482,4339476.175403512,,,
Caroní,Venezuela,862294.19179931,-7012807.224177562,,,
Caroní,Venezuela,862294.19179931,-7012807.224177562,,,
Bandama,Ivory Coast,705704.2517940607,-580497.4442504485,,,
Bandama,Ivory Coast,688502.9112746657,-565522.5811090682,,,
Hudi,China,3834876.284313052,13278654.142505843,,,
Hudi,China,3786997.980805007,13315615.6921833,,,
Ping,Thailand,1935852.9551819556,11016036.57243446,,,
Ping,Thailand,1760333.0264107585,11149641.703474434,,,
Ile,Kazakhstan,5421584.800541077,8586504.992437301,,,
Ile,Kazakhstan,5421584.800541077,8586504.992437301,,,
Sanggan,China,4873333.50916897,12867321.014293885,,,
Sanggan,China,4881447.558017951,12865663.180080412,,,
Wujia,China,4971675.498128038,12118605.034834929,,,
Wujia,China,4984348.3031229405,12109810.3602205,,,
Trombetas,Brazil,-196742.04672252995,-6220221.146564673,,,
Trombetas,Brazil,-196742.04672252995,-6220221.146564673,,,
Nizhnyaya Taymyra,Russia,12599212.245445924,11107641.424892422,,,
Nizhnyaya Taymyra,Russia,13241189.532812543,11067820.79063698,,,
Gambia,Senegal,1506370.107602352,-1703231.6933131744,,,
Apure,Venezuela,886759.806413385,-7528461.608593132,,,
Jari,Brazil,-128058.0511031269,-5778405.610912835,,,
Napo,Peru,-381566.9640407135,-8089108.526457986,,,
Juruá,Brazil,-288731.508100724,-7318196.592865516,,,
Parnaíba,Brazil,-305892.8975365437,-4657921.667962823,,,
Bandama Blanc,Ivory Coast,898190.3540069127,-609457.9055271386,,,
Bomu,Democratic Republic of the Congo,457622.39491214784,2496018.885240488,,,
Mbam,Cameroon,487284.9641579484,1255687.1174613326,,,
Aïna,Gabon,130297.88276756188,1461530.3360326835,,,
Cuanza,Angola,-1036337.571212405,1463122.9439820235,,,
Cuando,Angola,-1677122.0505621685,2270906.741138758,,,
Marico,Botswana,-2704239.805107308,3001343.060073412,,,
Luwegu,United Republic of Tanzania,-1009422.2588167316,4149107.88799859,,,
Akobo,Ethiopia,878300.5653128022,3672347.3813355216,,,
Ghäghara,India,2948580.547068944,9430223.025611335,,,
Chindwin,Myanmar,2429368.503092526,10605736.19340466,,,
Krong,Vietnam,1477052.9382154054,11953191.228984298,,,
Wu,China,3447742.1302964543,11955985.087298157,,,
Xiang,China,3373622.9855099176,12578384.970734412,,,
Huai,China,3806330.3976960704,12971101.436057365,,,
Ingoda,Russia,6716527.446231374,12893982.249759754,,,
Olëkma,Russia,8453652.770884054,13431120.534925343,,,
Künes,China,5377439.225279691,9100640.148450684,,,
Sartang,Russia,10640649.369830197,14962502.764326412,,,
Omolon,Russia,10627365.588105738,17664239.851131987,,,
Sapt,China,2887553.038129976,9769209.355851691,,,
Min,China,2998329.3437203686,13257455.606661422,,,
Lúrio,Mozambique,-1508148.9113508137,4511439.785277868,,,
Beni,Bolivia,-1220386.6435743156,-7360631.71320844,,,
Ituri,Democratic Republic of the Congo,188919.1478246852,2987515.092076436,,,
Betsiboka,Madagascar,-1787549.783929326,5173475.495221184,,,
Courantyne,Guyana,385828.10820301465,-6417840.42033279,,,
Mazoe,Zimbabwe,-1839691.047749157,3762794.4676050567,,,
Sreng,Cambodia,1475643.66888082,11542428.830583531,,,
Tumbes,Ecuador,-541355.2176896085,-9038109.903231649,,,
Manas,Bhutan,3004148.172721618,10090965.081315942,,,
Ou,Laos,2264153.8800869687,11379547.977990212,,,
Fly,Papua New Guinea,-763829.8446458054,15697667.987410972,,,
Kotto,Central African Republic,468287.4808789197,2453241.327010846,,,
Gamka,South Africa,-3901489.795966132,2414540.410289747,,,
Atrek,Iran,4469935.881635634,6000680.412524619,,,
Buh,China,4413426.357687839,11114000.985645749,,,
Kotuy,Russia,11548685.6635674,11463048.467129188,,,
Esil,Kazakhstan,7011389.059240636,7459846.296482347,,,
Pur,Russia,10279020.543968488,8670462.065425234,,,
Katun,Russia,6711715.385508815,9548516.291145226,,,
Baoulé,Mali,1413117.0743078631,-725533.4780803787,,,
Vina,Cameroon,861784.6303935397,1725017.2655348289,,,
Lomami,Democratic Republic of the Congo,85888.75856831753,2703329.6947549144,,,
Gêba,Guinea,1310766.184451153,-1661486.8842656966,,,
Mania,Madagascar,-2225772.3830709965,5053828.784706463,,,
Kabompo,Zambia,-1581558.026816706,2580649.962957835,,,
Save,Zimbabwe,-2370962.6177403326,3908031.6157494057,,,
Sokoto,Nigeria,1267535.021238961,458893.945811627,,,
Mariga,Nigeria,1166613.0952681198,677445.4148456112,,,
Jamanxim,Brazil,-813892.6852774002,-6471695.572421646,,,
Atrato,Colombia,902772.12248594,-8553690.746054534,,,
Iriri,Brazil,-426607.5343546975,-5856372.738644216,,,
Cuyuni,Venezuela,708809.3600229424,-6531986.382571987,,,
Gurupi,Brazil,-133847.1765653412,-5130110.900614313,,,
Amapari,Brazil,138231.01695575166,-5556571.086583974,,,
Doce,Brazil,-2215626.88243892,-4431293.013219917,,,
Litani,France,402170.8714536108,-6016910.881250629,,,
Putumayo,Colombia,-342277.3112047754,-7562126.514170677,,,
Huallaga,Peru,-830936.4577865669,-8540433.507868752,,,
Essequibo,Guyana,711020.801633287,-6523561.323454332,,,
Salado,Argentina,-4241835.165545143,-6385053.351560085,,,
Guainía,Colombia,452249.7475902323,-7539930.560037166,,,
Velhas,Brazil,-1930419.2202920488,-4991233.31322329,,,
Bhima,India,1840799.1040050704,8603289.88440847,,,
Tista,India,2910634.415853741,9985026.757313944,,,
Kong,Laos,1515050.3573000147,11803409.984438429,,,
Jialing,China,3429305.6514995336,11865190.12761989,,,
Dong,China,2628642.015398728,12673055.457606794,,,
Yalong,China,3055089.616591312,11331921.934126409,,,
Bajang,Malaysia,253451.92639210308,12431973.749835605,,,
Nadym,Russia,9460637.001203071,8184510.091040904,,,
Mahakam,Indonesia,-57251.15340565541,13073517.541795976,,,
Baliem,Indonesia,-628967.048885414,15402486.529060408,,,
Sittong,Myanmar,1961322.0393267476,10784972.531730255,,,
Pahang,Malaysia,387802.5157238687,11515778.466161683,,,
You,China,2596624.7169387625,12032778.142275073,,,
Mahi,India,2528819.0053840745,8116006.207131353,,,
Tapi,India,2394133.684179333,8096112.196569663,,,
Sankh,India,2527212.999096557,9425206.038794829,,,
Bei,China,2633719.937339493,12558991.02819777,,,
Ussuri,Russia,5681706.297408492,14851667.034992144,,,
Namhan,South Korea,4494238.449614225,14157958.538288455,,,
Bol’shaya Kuonamka,Russia,11273089.468617076,12528780.396858465,,,
Caledon,South Africa,-3548080.686540236,2900948.9685230325,,,
Shebele,Ethiopia,549607.718858237,5010301.124439247,,,
Tugela,South Africa,-3382456.9833434047,3504509.3326678127,,,
Penner,India,1628380.3549929324,8922159.347684674,,,
Deseado,Argentina,-6052734.328142117,-7389869.386107707,,,
Ivindo,Gabon,-13803.53904163552,1353135.1560815407,,,
Rufiji,United Republic of Tanzania,-867789.2957106158,4369572.660780581,,,
Shilka,Russia,7008846.677515041,13522844.968867555,,,
Suriname,Suriname,551125.2605189579,-6122808.43883754,,,
Corantijn,Guyana,607433.1272402919,-6372779.942858364,,,
Gourits,South Africa,-4050951.924293677,2435467.1700336,,,
Pyasina,Russia,12081984.123299928,9660580.448454056,,,
Logone,Chad,861784.6303935397,1725017.2655348289,,,
Mbini,Equatorial Guinea,176946.90839392127,1084756.2567691442,,,
Maroni,Suriname,592198.0261461893,-6030282.2653986495,,,
Yong,China,2583288.275697542,12122431.642330946,,,
Brahmani,India,2340811.13337257,9678131.749028835,,,
Sepik,Papua New Guinea,-431775.7022635667,16076328.192812469,,,
Aruwimi,Democratic Republic of the Congo,188919.1478246852,2987515.092076436,,,
Linyanti,Botswana,-2018788.6975141207,2716075.9938716246,,,
Sobat,South Sudan,936481.9676347948,3696671.3423364935,,,
Srepok,Cambodia,1511661.2525103912,11796561.226704078,,,
Yongding,China,4873333.50916897,12867321.014293885,,,
Song’acha,China,5600619.693904209,14787620.279131936,,,
Ussuri,Russia,6155705.017382043,15032958.000638047,,,
Ishim,Russia,7867577.094925158,7929692.8191469265,,,
Bani,Mali,1473771.2284274846,-617121.991563199,,,
Tsiribihina,Madagascar,-2216573.4854377424,4943889.916504081,,,
Igan,Malaysia,253451.92639210308,12447182.34042347,,,
Yu,China,2583288.275697542,12122431.642330946,,,
Podkamennaya Tunguska,Russia,8724714.651085384,10032114.68449862,,,
Han,South Korea,4494238.449614225,14157958.538288455,,,
Anabar,Russia,11932307.115361486,12700477.666154258,,,
Shabeelle,Somalia,549607.718858237,5010301.124439247,,,
Chobe,Botswana,-2018788.6975141207,2716075.9938716246,,,
Hai,China,4742029.459898636,13028120.061956843,,,
Yana,Russia,11416074.147058936,15136678.631659396,,,
Malaya Ob,Russia,9875048.123936726,7314081.902702897,,,
Chao Phraya,Thailand,1705325.8363977673,11141216.644356778,,,
Suez Canal,Egypt,3536567.7046222626,3602240.0184326107,,,
Suez Canal,Egypt,3505425.027401764,3624650.675685572,,,
Ismailiya Canal,Egypt,3497631.9510122086,3477348.0291768946,,,
Ishikari,Japan,5318974.61296965,15735857.965062996,,,
Kayan,Indonesia,323255.30871170666,13084921.266975874,,,
Barito,Indonesia,-370424.89057684416,12751680.283501556,,,
Purari,Papua New Guinea,-867505.8687937385,16160513.557724874,,,
Indragi,Indonesia,-39811.42467318032,11504380.1765038,,,
Okavango,Botswana,-2031360.3540645307,2393749.538596179,,,
Cubango,Angola,-2031360.3540645307,2393749.538596179,,,
Orange,South Africa,-3552143.1677941056,2891165.0289025297,,,
Orange,South Africa,-3479526.686120764,2753026.6725050583,,,
Semliki,Uganda,242872.2000792983,3489105.0632875348,,,
Semliki,Democratic Republic of the Congo,-14840.175562846118,3294741.667204237,,,
Koukourou,Central African Republic,835924.1959772815,2196657.510463166,,,
Chari,Chad,1343248.8090877803,1674412.5556087857,,,
Bamingui,Central African Republic,980988.2850334266,2102378.3811756014,,,
Jordan,Jordan,3652867.225826801,3943253.798383215,,,
Jordan,Israel,3652794.408767777,3943319.0246473528,,,
Genale,Ethiopia,663034.8499440198,4383270.176249284,,,
Yarkant,China,4906317.837628041,9004404.231239019,,,
Taz,Russia,10283909.59693411,8747195.329660028,,,
Liao,China,4940557.220337289,13598371.547215823,,,
Yuan,China,3358907.28261132,12568503.191717705,,,
Yuan,China,3353020.7408545325,12466994.818154989,,,
Sutlej,India,3663668.005826958,8545401.574987164,,,
Sutlej,India,3401429.4079395537,7906129.831227549,,,
Atbara,Sudan,1670769.1969012723,3996543.656182887,,,
Atbara,Sudan,1792953.839917085,3961125.794756669,,,
Biya,Russia,6652604.082031735,9768926.708707102,,,
Biya,Russia,6723549.457535608,9728432.069722245,,,
Nakanbé,Ghana,961423.346424947,-108449.53517125695,,,
Nakanbé,Burkina Faso,1012396.054997066,-128207.65768266072,,,
Vilyuy,Russia,9174541.705125336,12199148.59999971,,,
Vilyuy,Russia,9417084.717247894,14074099.304696731,,,
Han,China,3815079.403674461,12409633.75436879,,,
Han,China,3862783.373427263,12216118.299719268,,,
Mahäna Nadï,India,2459172.9905558955,9272880.969947623,,,
Mahäna Nadï,India,2275287.284184824,9591141.654758545,,,
Sassandra,Ivory Coast,780596.8157658337,-784079.4856650624,,,
Sassandra,Ivory Coast,548848.9599848528,-675091.8338146766,,,
Gan,China,3390333.096392244,12911049.788875518,,,
Gan,China,3390333.096392244,12911049.788875518,,,
Krishna,India,1819471.3013747449,8793924.512391957,,,
Krishna,India,1859729.302255784,8829124.952937718,,,
Kwango,Democratic Republic of the Congo,-372696.4802121642,1933023.821866716,,,
Kafue,Zambia,-1787971.1558635165,3222275.2877483843,,,
Jequitinhonha,Brazil,-1775333.3800606355,-4326131.968865548,,,
Chubut,Argentina,-5396502.552950805,-7398009.080319764,,,
Mendoza,Argentina,-3646706.156602183,-7728888.329480132,,,
Salado,Argentina,-3735240.790822088,-6759517.333968785,,,
Branco,Brazil,-152181.97785069252,-6890113.903575454,,,
Purús,Brazil,-406045.9072889008,-6844300.606302451,,,
Meta,Colombia,686710.5530290941,-7508575.751314461,,,
Madre de Dios,Bolivia,-1155555.0123064066,-7279789.194333033,,,
Paraiba,Brazil,-2449185.308384551,-4566110.265668431,,,
Uruguay,Brazil,-3798900.243156679,-6478843.283866624,,,
Pilcomayo,Bolivia,-2893155.4857675745,-6420041.806747403,,,
Lom,Cameroon,546198.7859921862,1461177.0271019433,,,
Tshuapa,Democratic Republic of the Congo,-31134.876918930768,2310287.0981112807,,,
Omo,Ethiopia,502430.3449647653,4012502.348808328,,,
Mananantanana,Madagascar,-2427430.8167689336,5082039.1439455785,,,
Ouham,Central African Republic,1034724.6599223252,2029895.695153712,,,
Kadéï,Central African Republic,182988.30989913945,1788830.2939485512,,,
Ruvuma,Mozambique,-1164834.9924753546,4501416.682688866,,,
Helmand,Afghanistan,3637190.008711512,6857737.216714609,,,
Hong,China,2293728.49323512,11855634.479923865,,,
Yamuna,India,2908425.7867430383,9117408.733855825,,,
Narmada,India,2466159.5252863024,8140987.866295704,,,
Dadu,China,3425907.54688726,11545635.788570251,,,
Xar Moron,China,5347269.17236688,13442774.294117766,,,
Kapuas,Indonesia,-26232.41169497741,12158143.02194578,,,
Taritatu,Indonesia,-352967.6883987297,15440252.535995545,,,
Chenab,Pakistan,3359596.900367152,7863515.338658249,,,
Anadyr’,Russia,9489153.456733936,19418772.001188666,,,
Olenëk,Russia,12040312.4376913,13422173.665694598,,,
Tom’,Russia,7706061.641122025,9399403.615806753,,,
Kamchatka,Russia,7571386.601849316,18086971.26900183,,,
Digul,Indonesia,-793643.8937427128,15500124.81095101,,,
Tocantins,Brazil,-593045.3144198409,-5423835.639065822,,,
Limpopo,Mozambique,-2881083.3491226067,3732453.3837374784,,,
San Juan,Argentina,-3791659.053354884,-7498683.101253731,,,
Mangoky,Madagascar,-2414043.315979369,4847099.576047253,,,
Setit,Ethiopia,1634626.0221378482,3995858.780409453,,,
Mamberamo,Indonesia,-164134.037552896,15352120.982102867,,,
Kheta,Russia,11695156.16686554,11363284.896132128,,,
Chulyshman,Russia,6501118.439260438,9980498.96747846,,,
Konqi,China,4930474.245862328,9950511.192541616,,,
Tarim,China,4906317.837628041,9004404.231239019,,,
Desaguadero,Argentina,-3792632.8293587593,-7498683.101253731,,,
Bahr el  Zeraf,South Sudan,861531.2142442717,3399223.271307182,,,
Sanaga,Cameroon,401421.56687616167,1093110.6541006486,,,
Busira,Democratic Republic of the Congo,-31134.876918930768,2310287.0981112807,,,
Jubba,Somalia,-27053.08750284493,4745645.557704653,,,
Xiliao,China,5347269.17236688,13442774.294117766,,,
Sangha,Republic of the Congo,183744.5095954924,1788830.2939485512,,,
Ruki,Democratic Republic of the Congo,-24234.715841362588,2109634.803060808,,,
Songhua,China,6026560.827174564,14751816.495642906,,,
Min,China,3327659.389793486,11643942.639668258,,,
Khatanga,Russia,11997276.150172751,11696308.458725993,,,
Grande,Brazil,-2237255.8814541805,-5630771.397561462,,,
Grande,Brazil,-2241776.593369623,-5606542.558195689,,,
Syr Darya,Kazakhstan,5752972.499326291,6875109.145063015,,,
Syr Darya,Kazakhstan,5767145.248309263,6853051.796740791,,,
Naryn,Kyrgyzstan,5099038.220506098,8159751.288279021,,,
Naryn,Kyrgyzstan,5082877.200327393,8087774.105804194,,,
Mouhoun,Ghana,957995.928760691,-190672.6766375588,,,
Mouhoun,Burkina Faso,957995.928760691,-190672.6766375588,,,
Volta,Ghana,961472.5066616868,-108675.1093347309,,,
Volta,Ghana,702295.0779493448,11501.564576103796,,,
Culuene,Brazil,-1273987.9933303443,-5949369.084737094,,,
Godävari,India,1903184.2465657005,9101373.943922222,,,
Tobol,Russia,7966442.508098,7594022.157333517,,,
Lower Tunguska,Russia,9776795.04482417,9791793.94980902,,,
Marañón,Peru,-492598.85739910905,-8181417.279016422,,,
Caquetá,Colombia,-132686.10236981622,-7731687.623315999,,,
Pamir,Afghanistan,4417425.49514556,8088176.334433033,,,
Indigirka,Russia,11437974.022288134,16701369.73994626,,,
Juruena,Brazil,-1221145.7807992604,-6529901.859880619,,,
Colorado,Argentina,-4666803.964150232,-7232462.104179856,,,
Bío-Bío,Chile,-4385158.997757807,-8144857.957967812,,,
Panj,Afghanistan,4416374.726190522,7593326.410516061,,,
Santa Cruz,Argentina,-6416481.781661077,-7682504.302395933,,,
Xingu,Brazil,-426607.5343546975,-5856372.738644216,,,
Amu Darya,Uzbekistan,5501323.621893107,6491677.852227141,,,
Tapajós,Brazil,-266816.67822256766,-6086616.015524699,,,
Trofimovskaya Protoka,Russia,11852868.455433272,14083247.288241897,,,
Tumatskaya Protoka,Russia,12172000.699194793,14089166.571712302,,,
Japurá,Brazil,-352416.1116859417,-7213127.952385341,,,
Xi,China,2564381.037468403,12597528.879258526,,,
Orange,South Africa,-3300969.4037614632,1835331.1847559956,,,
Paraná,Brazil,-2910635.8359973584,-6079223.705589209,,,
Paraná,Brazil,-2910635.8359973584,-6079223.705589209,,,
Araguaia,Brazil,-587215.7112866128,-5447670.403085768,,,
Vaal,South Africa,-3179275.622474394,2904416.831566299,,,
Vaal,South Africa,-3187405.116928496,2852262.997867009,,,
Aldan,Russia,9183128.431191806,14402926.644297795,,,
São Francisco,Brazil,-1240074.8982118582,-4803430.592207742,,,
São Francisco,Brazil,-1167213.046234618,-4052926.326007038,,,
Shishhid Gol,Mongolia,6649817.36259877,11068136.050913636,,,
Shishhid Gol,Mongolia,6660796.16237724,11055117.975696355,,,
Paranaíba,Brazil,-2143423.8806832028,-5620492.825437923,,,
Paranaíba,Brazil,-2069600.7509617128,-5466721.907735691,,,
Yenisey,Russia,11055585.422324557,9259194.32552294,,,
Ob,Russia,7113979.377759156,9054068.595857097,,,
Ob,Russia,7296925.017462391,9242344.20728763,,,
Tocantins,Brazil,-424350.9481876659,-5531160.021180724,,,
Tocantins,Brazil,-296055.2328241313,-5529284.766086794,,,
Bafing,Mali,1542679.3696358528,-1207936.0565912689,,,
Bénoué,Cameroon,1054306.6466741716,1327381.6527915709,,,
Indaiá,Brazil,-2146978.940715176,-5019253.429192008,,,
Kolyma,Russia,10576938.823414627,17895499.570628595,,,
N'Mai,Myanmar,2943540.123116056,10852128.406180983,,,
Magdalena,Colombia,1238829.6554406614,-8333280.328492657,,,
Neuquén,Argentina,-4691180.878975749,-7571285.368759871,,,
Nanpan,China,2886381.6945125684,11907897.02406338,,,
Sénégal,Mauritania,1735164.7055593345,-1457192.7894675918,,,
Kyzyl-Khem,Russia,6640275.118068351,10662184.08949295,,,
Nu,China,3539610.041475808,10752973.613649204,,,
Benue,Nigeria,863596.7325835106,753325.30212462,,,
Ayeyarwady,Myanmar,1821834.4238801585,10574509.119449222,,,
Negro,Argentina,-4990428.84058929,-6991043.394043956,,,
Malyy Yenisey,Russia,6640275.118068351,10662184.08949295,,,
Verkhniy Yenisey,Russia,7085729.260092092,10186950.964515084,,,
Verkhniy Yenisey,Russia,7952070.678924655,10352495.222893989,,,
Nu,China,2370793.440788368,10965850.397703296,,,
Hongshui,China,2711384.509054859,12192664.02224012,,,
Quan,China,2711384.509054859,12192664.02224012,,,
Xun,China,2673232.0817368864,12390011.51990767,,,
Braco Menor,Brazil,-1432635.856601897,-5619859.587123595,,,
Salween,Myanmar,1856911.2778611,10872973.633094668,,,
Ganges,India,2530781.464791853,9960387.536036314,,,
Indus,Pakistan,2742819.206305969,7561289.443780927,,,
Indus,Pakistan,4088421.636538473,8102015.173474035,,,
Niger,Mali,613568.299929026,730778.7568213705,,,
Niger,Nigeria,1096263.5910653605,514934.1777490611,,,
Ubangi,Democratic Republic of the Congo,-57861.281125582806,1975812.2511403784,,,
Shiquan,China,3798802.571101713,8876017.20132998,,,
Huang,China,4117136.677107202,10830071.057858769,,,
Huang,China,4117136.677107202,10830071.057858769,,,
Abay,Ethiopia,1295276.6603156708,4161924.848901448,,,
Abay,Ethiopia,1320443.8618493709,4131404.39280749,,,
Zambezi,Mozambique,-1751789.4976273747,3428238.087803983,,,
Zambezi,Zambia,-2118522.550186774,4022460.225133196,,,
Shire,Malawi,-1621445.7455128194,3924827.378764602,,,
Shire,Malawi,-1989948.0957571107,3932491.4648006624,,,
Amur,Russia,6723912.982514829,15597420.654954895,,,
Amur,Russia,6723926.122279017,15597420.654954895,,,
El Bahr el Azraq,Sudan,1312310.8762923162,3827123.870609861,,,
El Bahr el Azraq,Sudan,1750705.5564006374,3616644.151762795,,,
Hailar,China,6329928.109312232,13121611.04055276,,,
Orinoco,Venezuela,962739.7684123596,-6917101.270362007,,,
Grande,Bolivia,-1776821.4664616885,-7198343.33251436,,,
Rio Negro,Brazil,-345937.9903651523,-6668643.559221355,,,
Kibali,Democratic Republic of the Congo,397864.47627162194,3182172.006348344,,,
Kasai,Democratic Republic of the Congo,-332831.4519129203,1888669.962253771,,,
Uele,Democratic Republic of the Congo,407048.2534861133,2070172.913258114,,,
Argun’,Russia,7007575.793588042,13514784.089724667,,,
Abay,Ethiopia,1128225.0711910753,3935236.403416415,,,
Mamoré,Bolivia,-1776821.4664616885,-7198343.33251436,,,
Guaporé,Brazil,-1324788.4341708138,-7237851.424254149,,,
Madeira,Brazil,-369748.8315537301,-6535242.260256809,,,
Heilong Jiang,Russia,6449698.924079723,14203290.791863453,,,
Huang,China,4090410.816217464,12275191.55293906,,,
Ob,Russia,10062699.670126185,7677142.159931699,,,
Ideriyn,Mongolia,6287233.195524923,11209829.23870656,,,
Selenga,Mongolia,6795138.269485804,11865190.12761989,,,
Angara,Russia,7580949.180346237,11332682.907208,,,
Angara,Russia,6743054.051133909,11673734.735812686,,,
Ertis,Kazakhstan,6352247.323186027,9280012.374826564,,,
Ertis,Kazakhstan,7132844.89362575,8348244.320590016,,,
Ertix,China,6074156.864886728,9491889.02283056,,,
Maquan,China,3374140.010875706,9758283.956608798,,,
Angara,Russia,7919120.500570423,11429609.135715118,,,
Angara,Russia,7725013.835076196,11394441.30830142,,,
Za,China,3736166.966599086,10791457.109489849,,,
Paraná,Argentina,-3979098.9990009824,-6588605.4976036325,,,
Lualaba,Democratic Republic of the Congo,-917907.550732952,2943433.008564061,,,
Lancang,China,2003479.5176436848,11306005.3651761,,,
Congo,Democratic Republic of the Congo,-917907.550732952,2943433.008564061,,,
Yarlung,China,3394186.8757945406,10503657.090030752,,,
Lualaba,Democratic Republic of the Congo,86436.82208689424,2704199.378276737,,,
Irtysh,Russia,8617003.285049925,7665607.982223527,,,
Congo,Democratic Republic of the Congo,-648699.5262312033,1467672.4759055548,,,
Mekong,Laos,1290791.4682333474,11682980.55875406,,,
Dihang,China,3394186.8757945406,10503657.090030752,,,
Brahmaputra,India,2769324.7993724067,9991533.077161582,,,
Irrawaddy Delta,Myanmar,1885869.6963003736,10628674.096292729,,,
Yangtze,China,3766418.767049847,13314517.716737002,,,
Amazonas,Brazil,-248309.1475972658,-6027224.784267242,,,
Amazonas,Brazil,-175152.27515123726,-5867847.125610261,,,
Nile,Sudan,3498038.3719413616,3477277.367390747,,,
Nile,Egypt,2734540.40460004,3660117.4568098937,,,
Victoria Nile,Uganda,47344.81706576379,3694388.4230917096,,,
Victoria Nile,Uganda,242537.20478590776,3491616.274456794,,,
Kagera,United Republic of Tanzania,-103471.61691794884,3536350.6206105365,,,
Albert Nile,Uganda,242591.23623836105,3491724.9848970217,,,
Albert Nile,Uganda,399844.5292238217,3563990.250038456,,,
Ucayali,Peru,-491986.8877789023,-8180716.096676953,,,
Tuotuo,China,4018321.137223161,10351908.18651676,,,
Lena,Russia,11819320.981431575,14103032.588363357,,,
Tongtian,China,3700212.209945716,10969590.03684713,,,
Bahr el Jebel,South Sudan,757003.1251185928,3467417.3304620874,,,
Jinsha,China,3312967.890351715,11560605.216189625,,,
Bahr el Jebel,South Sudan,757003.1251185928,3467417.3304620874,,,
El Bahr el Abyad,South Sudan,1750929.927463894,3616785.4753350927,,,
Chang Jiang,China,3449486.0366006093,12554816.547293026,,,
Rosetta Branch,Egypt,3668178.053986012,3383949.454455175,,,
Damietta Branch,Egypt,3504630.486725663,3467074.892575367,,,
Bykovskaya Protoka,Russia,11819320.981431575,14103032.588363357,,,
Olenekskaya Protoka,Russia,12016878.07964472,13662483.529340172,,,
Kalix,Sweden,10335000.160133911,2223617.699639662,,,
Kalix,Sweden,9837771.835962947,2542411.065607704,,,
Volkhov,Russia,8040174.321729031,3484289.1907854406,,,
Volkhov,Russia,8040174.321729031,3484289.1907854406,,,
Msta,Russia,8020099.125929977,3492279.408142184,,,
Msta,Russia,7765764.991417936,3783547.290644547,,,
Murat,Turkey,4649888.011642818,4437331.878174574,,,
Murat,Turkey,4649888.011642818,4437331.878174574,,,
Indalsälven,Sweden,9129741.028474292,1550102.1672082888,,,
Indalsälven,Sweden,9085940.536685776,1360391.5779667466,,,
Kola,Russia,10431640.52413826,3706020.440196085,,,
Kola,Russia,10512219.480360052,3700220.738209934,,,
Jänisjoki,Russia,8472373.826144503,3473488.808548807,,,
Jänisjoki,Finland,8799489.913288042,3445566.531976298,,,
Sheksna,Russia,8379146.788242864,4233755.272281971,,,
Sheksna,Russia,8190622.932460921,4283354.410635907,,,
Vorma,Norway,8455411.154707488,1250088.5297896008,,,
Vorma,Norway,8455301.243306618,1250142.8850097146,,,
Vyatka,Russia,7495381.834574133,5729975.109791348,,,
Vyatka,Russia,7495323.845073647,5729975.109791348,,,
Unzha,Russia,7791658.217267789,4806523.404232224,,,
Unzha,Russia,7874559.501706575,4865400.978659605,,,
Vltava,Czechia,6472926.1444182135,1611115.901786145,,,
Moskva River,Russia,7450258.785752624,4049246.477605326,,,
Pinega,Russia,9318905.742991967,4648447.553096974,,,
Tsna,Russia,7277076.116822134,4660199.151685597,,,
Vym,Russia,8871929.324145809,5609339.1342705535,,,
Belaya,Russia,7499983.73504147,5977307.667875641,,,
Belaya,Russia,7504544.85906743,5959310.654495928,,,
Vienne,France,5946388.5149037205,8392.445985587907,,,
Qezel Owzan,Iran,4396995.097924048,5509173.334644649,,,
Simav,Turkey,4895179.124191481,3172496.777168069,,,
Kelkit,Turkey,5038302.375683399,4081044.28137196,,,
Mio,Spain,5156607.596665232,-911488.1216120512,,,
Dora Baltea,Italy,5624841.170161937,894594.5192006541,,,
Durance,France,5425307.112915644,530180.8169910109,,,
Tarn,France,5448541.357782035,114526.87820444192,,,
Ofanto,Italy,5037714.357790478,1803343.1377189637,,,
Ialomița,Romania,5544866.43155739,3102041.5408564303,,,
Strymnas,Bulgaria,4952456.158036653,2654573.062312743,,,
Seym,Russia,6669131.398345758,3622884.13103187,,,
Marne,France,6211541.111627674,268188.65604199795,,,
Usa,Russia,9831814.118911166,6332084.189559086,,,
Segre,Spain,5039193.490264296,34776.46982887774,,,
Tvertsa,Russia,7698389.811711093,4003316.316609078,,,
Voronya,Russia,10468581.983201722,3917119.8085524514,,,
Voronya,Russia,10622995.760599235,3947656.571212441,,,
Drin,Albania,5010895.233823459,2302269.70314448,,,
Minho,Portugal,5156607.596665232,-911488.1216120512,,,
Bojana,Albania,5142306.268095528,2168555.8616642784,,,
Sefīd,Iran,4396995.097924048,5509173.334644649,,,
Dordogne,France,5578031.879151778,201375.2194779908,,,
Shannon,Ireland,6915110.540913089,-940554.5755679612,,,
Shannon,Ireland,6915110.540913089,-940554.5755679612,,,
Ticino,Italy,5706003.056061662,959630.5400669392,,,
Ticino,Switzerland,5777068.087865924,984416.5204388788,,,
Southern Bug,Ukraine,6323273.210331909,3082473.6616154253,,,
Southern Bug,Ukraine,5953072.625838244,3534230.7670260943,,,
Klarälven,Sweden,8009838.645806035,1373094.3929073636,,,
Klarälven,Sweden,8575747.635856828,1396728.0426128912,,,
Motala ström,Sweden,8036684.508122247,1728756.904678668,,,
Motala ström,Sweden,8041784.758013989,1667362.6835600147,,,
Ness,United Kingdom,7805116.467328579,-483571.215743339,,,
Ness,United Kingdom,7805126.534813421,-483563.0624603207,,,
Oich,United Kingdom,7726333.800773709,-538325.946725078,,,
Oich,United Kingdom,7754496.478188475,-520470.25691766094,,,
Kama,Russia,7462759.674062211,5819400.317922742,,,
Kama,Russia,7462759.674062211,5819400.317922742,,,
Chusovaya,Russia,7966442.508098,6357522.432572393,,,
Chusovaya,Russia,7966442.508098,6357522.432572393,,,
Olt,Romania,5395818.515953072,2757864.287095196,,,
Inn,Austria,6172147.087301868,1501318.3571560609,,,
Morava,Czechia,6104525.692797437,1889566.8233856503,,,
Warta,Poland,6874072.486288933,1626732.1565248722,,,
Main,Germany,6412364.180583783,923005.9927541888,,,
Ems,Germany,7004921.213859607,820046.3348144359,,,
Guadalquivir,Spain,4403976.843249325,-689604.6775850888,,,
Maas,France,6718540.614456726,569822.0790200831,,,
Þjórsá,Iceland,9358611.94014304,-2176456.392907833,,,
Bug,Poland,6817418.425368782,2579062.790530511,,,
Karkheh,Iran,3607646.612358543,5283898.124882579,,,
Sakarya,Turkey,5003854.396551422,3411453.1958328104,,,
Muonio,Finland,10166176.014499426,2624188.494269072,,,
Kura,Azerbaijan,4952027.112769942,5234255.502352552,,,
Kura,Azerbaijan,4952027.112769942,5234255.502352552,,,
Yonne,France,6141163.836448933,329610.05477070843,,,
Mukhavyets,Belarus,6674048.734268203,2643810.7287301905,,,
Schelde,Belgium,6635594.849960068,479603.2846750241,,,
Trent,United Kingdom,7077574.385411645,-78543.29306459,,,
Talkeh,Iran,4514816.647585007,5093491.788823576,,,
Adige,Italy,5617208.215529241,1371615.930920268,,,
Luza,Russia,8530148.53918977,5157549.41572781,,,
Sura,Russia,7355326.676562345,5169768.469209419,,,
Vishera,Russia,8341635.217282738,6282039.338400219,,,
Büyük Menderes,Turkey,4489356.299250871,3036798.97015371,,,
Haliacmon,Greece,4908470.944983956,2521935.454190799,,,
Doubs,France,5883738.484461064,551151.0609109573,,,
Severn,United Kingdom,6726453.735405617,-266204.6905078405,,,
Mureș,Romania,5791123.173446434,2246501.247307616,,,
Drina,Bosnia and Herzegovina,5575798.413626363,2155021.4118559165,,,
Esla,Spain,5056697.135447304,-671841.3916518627,,,
Patsoyoki,Norway,10679721.246219931,3162712.8375475663,,,
Patsoyoki,Norway,10782989.22371413,3263297.172368344,,,
Aras,Azerbaijan,4841732.80790383,5395516.569386479,,,
Ticino,Italy,5613378.830370541,1026824.4631717436,,,
Caledonian Canal,United Kingdom,7709614.668828894,-553145.897489135,,,
Luirojoki,Finland,10355953.254280936,3088344.0253877267,,,
Oulu,Finland,9455326.710420605,2983476.499221971,,,
Sane,France,5883738.484461064,551151.0609109573,,,
Maas,Netherlands,6710001.235754335,464998.0370304209,,,
Atshan,Iraq,3670841.137706514,4985569.499287421,,,
Guadiana,Spain,4717503.973247525,-576708.885408512,,,
Guadiana,Spain,4440185.315198351,-825367.7108635821,,,
Suda,Russia,7991583.871361813,4275527.258939506,,,
Suda,Russia,8184704.180626433,4178818.451312851,,,
Narva,Estonia,8142330.675443852,3087333.018293606,,,
Narva,Estonia,8142330.675443852,3087333.018293606,,,
Ångermanälven,Sweden,9434157.027089829,1866694.1467617173,,,
Ångermanälven,Sweden,9560878.109487733,1718630.5271714455,,,
Lotta,Russia,10618389.519664938,3399777.6945523447,,,
Lotta,Russia,10618389.519664938,3399777.6945523447,,,
Pripyat,Ukraine,6612398.066607103,3396940.352062398,,,
Pripyat,Belarus,6619667.509939503,3390787.341145504,,,
Stora Lule lv,Sweden,10117082.111497313,2203739.9956440106,,,
Stora Lule lv,Sweden,10117082.111497313,2203739.9956440106,,,
Morava,Republic of Serbia,5547744.025412813,2341856.6099534384,,,
Evros,Bulgaria,4945951.018705441,2899198.730435364,,,
Tevere,Italy,5094029.166002837,1361679.796683444,,,
Donets,Ukraine,6136504.516618572,4444273.039783117,,,
Oka,Russia,7590274.232537374,4895720.320439139,,,
Desna,Ukraine,6489569.457880041,3402462.842425973,,,
Mezen,Russia,9800773.840726824,4918060.315905953,,,
Khopr,Russia,6344048.284399131,4710504.907901014,,,
Neris,Belarus,7308962.574540175,2653475.086866445,,,
Velikaya,Russia,7903676.311235706,3132708.756044692,,,
Kızılırmak,Turkey,5079735.258519276,3998071.037868087,,,
Sava,Croatia,5566270.381372365,2277048.881011629,,,
Onega,Russia,9297572.386941817,4229189.433792402,,,
Mosel,France,6476600.500908527,846734.7478903625,,,
Prut,Moldova,5662255.066336149,3140590.262961208,,,
Kuban,Russia,5639749.304328217,4161354.119090251,,,
Zncara,Spain,4740045.463096634,-352281.6170802162,,,
Weser,Germany,7015190.539093409,946704.8687238506,,,
Skelleftelven,Sweden,10062699.670126185,1789591.2670301462,,,
Tornelven,Sweden,9789463.435691696,2689822.4225566094,,,
Mincio,Italy,5662255.066336149,1190053.1891737948,,,
Sió,Hungary,5805357.871068005,2104661.3004203853,,,
Neman,Lithuania,7375139.777574279,2367495.967281164,,,
Lule lv,Sweden,9763726.977201672,2422775.2261370034,,,
Hindiyah Channel,Iraq,3772192.544718705,4937454.2584425965,,,
Shatt al Hillah,Iraq,3836593.1921096654,4927942.094922664,,,
Tuloma,Russia,10595129.162897974,3535383.097692509,,,
Kem,Russia,9564452.204464557,3863813.644186746,,,
Mur,Austria,5678464.0343582565,2106998.574885283,,,
Po,Italy,5544529.832912856,790821.9227547116,,,
Dalälven,Sweden,8397514.133070283,1829422.7723296168,,,
Dalälven,Sweden,8476848.022049822,1938741.991022696,,,
Dniester,Ukraine,5765769.917870327,3392825.6618997757,,,
Dniester,Ukraine,5800865.358573736,3369507.272470911,,,
Rhône,Switzerland,5782342.949739753,682755.919850737,,,
Rhône,France,5391141.5469141165,514010.1390071248,,,
Vuoksi,Russia,8415277.278971137,3496780.0203676154,,,
Vuoksi,Russia,8635372.800195353,3204647.889865442,,,
Kemijoki,Finland,10050053.159622109,3048458.164868142,,,
Kemijoki,Finland,9813785.260087091,2750770.930870332,,,
Vorma,Norway,8285711.61595547,1248566.5836264114,,,
Vorma,Norway,8228052.033938669,1243457.1929357045,,,
Don,Russia,6009284.791797991,4687637.666799098,,,
Don,Russia,5928854.9236581465,4383531.081305831,,,
Thames,United Kingdom,6668404.930444333,42804.7358396987,,,
Ariège,France,5361665.803243255,156325.61304758536,,,
Garonne,France,5229304.7378182085,102910.73824165529,,,
Duero,Spain,5010967.179192946,-851729.992618825,,,
Tisza,Hungary,6079450.514546271,2376274.335329559,,,
Glomma,Norway,8480293.701203119,1338904.9594557183,,,
Soroksari Duna,Hungary,5988066.344819667,2122125.6326429853,,,
Ferenc Csatorna,Hungary,5780843.908275054,2105601.6457283585,,,
Göta älv,Sweden,8009838.645806035,1373094.3929073636,,,
Kokemäenjoki,Finland,8708495.415204251,2417448.4145658407,,,
Tisa,Republic of Serbia,5613609.238291462,2257290.7585002254,,,
Ebro,Spain,4944003.903222238,99877.71695929696,,,
Elbe,Germany,7049189.996422373,1093045.4278365143,,,
Tajo,Spain,4811343.677673032,-580519.1863384953,,,
Tajo,Spain,4817054.32046264,-667427.7477786163,,,
Vistula,Poland,6400593.758566611,2093969.6286239831,,,
Vistula,Poland,7203612.391305155,2109988.111991548,,,
Neva,Russia,8351814.603604261,3455660.2963514472,,,
Neva,Russia,8351814.603604261,3455660.2963514472,,,
Svir,Russia,8592965.463253502,3876742.308792709,,,
Svir,Russia,8468172.124724122,3650105.225264916,,,
Loire,France,5564252.438363034,466495.7988464277,,,
Daugava,Belarus,7738747.770731783,2677239.189100241,,,
Vychegda,Russia,8654579.732180815,5186493.570438464,,,
Tejo,Portugal,4708728.32839526,-975730.5562646746,,,
Rhein,Germany,6020635.981199793,1016078.4361552276,,,
Rhein,Switzerland,6020635.981199793,1016078.4361552276,,,
Sukhona,Russia,8333523.487422798,4347406.602018132,,,
Sukhona,Russia,8531131.35679333,5158538.680733884,,,
Ural,Russia,6802012.619134038,6549488.763448665,,,
Ural,Russia,5901680.622521837,5757913.692929894,,,
Dnipro,Ukraine,6168862.659722051,3848349.58406434,,,
Dnipro,Ukraine,5853981.683665477,3634081.306375334,,,
Dicle,Turkey,4422070.481159846,4717337.3590693325,,,
Dnepre,Russia,7310816.531036054,3717027.3722691503,,,
Pechora,Russia,10371841.726651208,5921305.484592287,,,
Seine,France,6326526.97844334,54898.772315042144,,,
Oder,Poland,7060010.605494453,1624802.5462108285,,,
Tigris,Iraq,3806458.681996441,5099443.685426048,,,
Severnaya Dvina,Russia,9453608.046296094,4511836.578384699,,,
Rhin,Germany,6018278.455256031,988639.9210417268,,,
Nederrijn,Netherlands,6744766.466724537,671368.5012368743,,,
Lek,Netherlands,6759754.6774523575,593450.2932035942,,,
Gharraf Canal,Iraq,3806458.681996441,5099443.685426048,,,
Rhine,Germany,6734694.792419459,554966.7973629507,,,
Waal,Netherlands,6713989.819971111,490153.6328991346,,,
Euphrates,Iraq,3606668.847277824,5284169.900983148,,,
Firat,Turkey,4657866.190235484,4282604.308598336,,,
Firat,Turkey,4668108.335749765,4315614.233773508,,,
Volga,Russia,6974410.0107947225,5416986.881331471,,,
Volga,Russia,5867785.920252208,5325697.28915017,,,
Al Furat,Syria,4322525.31818058,4250605.39051728,,,
Al Furat,Syria,4256794.150805172,4292475.216571023,,,
Shatt al-Arab,Iraq,3606668.847277824,5284169.900983148,,,
Danube,Romania,5627571.560122252,3200098.357941912,,,
Donau,Germany,6230975.514590147,1392227.4303874574,,,
Bratul Chillia,Romania,5619582.723583117,3215247.157787654,,,
Bratul Sfântu Gheorghe,Romania,5619582.723583117,3215247.157787654,,,
Bratul Sulina,Romania,5619551.981568534,3215209.1091335765,,,
Borcea,Romania,5459133.393545704,3038157.8506565574,,,
Drau,Iceland,9546952.031581651,-2023003.4532432663,,,
Drau,Austria,5867423.370956495,1368645.9332195525,,,
Ceyhan,Turkey,4356229.546890727,3959353.814580954,,,
IJssel,Netherlands,6871136.527750865,652072.3980964386,,,
Hawea,New Zealand,-5530091.441769701,18841606.673367742,,,
Kawarau,New Zealand,-5602055.43170707,18834231.088949967,,,
Waiau,New Zealand,-5679458.312623809,18662262.15558079,,,
Waiau,New Zealand,-5661440.105752329,18672059.5222712,,,
Rangitaiki,New Zealand,-4688968.746639554,19641023.910847787,,,
Mataura,New Zealand,-5649301.672888359,18766962.038540807,,,
Clutha,New Zealand,-5808369.578547053,18910603.353662714,,,
Whanganui,New Zealand,-4695726.196823476,19547673.33328916,,,
Taieri,New Zealand,-5701032.374391096,18890214.56507017,,,
Rangitikei,New Zealand,-4705577.026469773,19596410.40967896,,,
Clarence,New Zealand,-5150297.46854929,19225567.67871693,,,
Oreti,New Zealand,-5624002.282755639,18726050.10928085,,,
Manawatu,New Zealand,-4841122.960551489,19605794.38536977,,,
Buller,New Zealand,-5096479.60153973,19101765.686650608,,,
Waihou,New Zealand,-4564476.278707149,19590743.508059494,,,
Mohaka,New Zealand,-4706045.513832629,19625776.67281271,,,
Wairau,New Zealand,-5153976.820649805,19241502.179288834,,,
Whangaehu,New Zealand,-4735081.564486761,19551049.35978585,,,
Waimakariri,New Zealand,-5273208.666498401,19086885.33312767,,,
Mokau,New Zealand,-4621713.056319201,19530109.383193847,,,
Ngaruroro,New Zealand,-4713362.954310028,19608211.000254903,,,
Waiau,New Zealand,-5148974.179418166,19220055.798722327,,,
Rakaia,New Zealand,-5328808.304032947,19024766.445588477,,,
Hurunui,New Zealand,-5242049.386864297,19134664.720368404,,,
Turakina,New Zealand,-4769779.039871525,19549903.922224477,,,
Wairoa,New Zealand,-4212796.202820899,19395771.08802534,,,
Awatere,New Zealand,-5160774.682138488,19278581.62949004,,,
Grey,New Zealand,-5193508.480843386,19159397.559381697,,,
Rangitata,New Zealand,-5362861.111724814,19017382.2488582,,,
Tukituki,New Zealand,-4825954.669819221,19610369.24576529,,,
Motueka,New Zealand,-5079163.84331982,19252038.482391022,,,
Motueka Left Branch,New Zealand,-5072103.198786279,19260754.14263249,,,
Motueka Right Branch,New Zealand,-5076427.105708526,19262345.69798093,,,
Waitaki,New Zealand,-5523111.254181625,18946160.14701541,,,
Patea,New Zealand,-4738960.915955827,19380961.355464835,,,
Aparima,New Zealand,-5693136.067455382,18688965.491692152,,,
Tutaekuri,New Zealand,-4741617.481670731,19630106.94353347,,,
Whakatane,New Zealand,-4643023.222300162,19695465.783032,,,
Pomahaka,New Zealand,-5661175.837224244,18832711.877026454,,,
Orari,New Zealand,-5408362.759847659,19024099.85260163,,,
Karamea,New Zealand,-5047107.177679915,19192458.504574336,,,
Ongarue,New Zealand,-4633799.535679085,19550430.99574896,,,
Ahuriri,New Zealand,-5449928.497064943,18888626.454646725,,,
Inangahua,New Zealand,-5178598.431100784,19157296.155133758,,,
Waitoa,New Zealand,-4539738.038468939,19553305.785658646,,,
Moawhango,New Zealand,-4734642.738792227,19576510.80043593,,,
Piako,New Zealand,-4527875.485169495,19550723.814373672,,,
Wairoa,New Zealand,-4670313.416591495,19761475.71335489,,,
Ruakituri,New Zealand,-4641503.653743582,19721955.53379357,,,
Manganui,New Zealand,-4275378.1381429145,19400669.771370545,,,
Hutt,New Zealand,-4991843.79282984,19504151.873344257,,,
Ahuriri,New Zealand,-5519112.620422252,18940479.465695973,,,
Waikato,New Zealand,-4688509.881997519,19568913.01835587,,,
Waikato,New Zealand,-4453949.590065016,19462323.5940352,,,
Tongariro,New Zealand,-4716437.43633946,19571372.694803458,,,
Pukaki,New Zealand,-5463338.562716079,18940200.72852777,,,
Ohau,New Zealand,-5478666.542499653,18917054.758392077,,,
Tekapo,New Zealand,-5436250.527736235,18977622.454905603,,,
Tekapo,New Zealand,-5488787.547625472,18947824.937653724,,,
Ohau,New Zealand,-5488866.339345222,18945753.48776273,,,
Volga-Don Canal,Russia,6162560.114176033,4959450.060244366,,,
Volga-Don Canal,Russia,6180172.424117975,4847082.639062754,,,
White Sea Canal,Russia,9280567.946676726,3820865.142515617,,,
White Sea Canal,Russia,9004862.778581683,3870880.042534672,,,
Kovzha River,Russia,8610991.01965428,4039086.9435541593,,,
Kovzha River,Russia,8622628.279790636,3997013.80909015,,,
Moscow Canal,Russia,7481061.188953473,4168445.0429715775,,,
Moscow Canal,Russia,7668373.739846708,4131953.944818637,,,
Amu Darya,Uzbekistan,5458642.6936370665,6628075.540689345,,,
Burnett,Australia,-2827031.177758396,16965617.734464925,,,
Fitzroy,Australia,-2034299.0339552453,13792056.00381328,,,
Fitzroy,Australia,-2034299.0339552453,13792056.00381328,,,
Ord,Australia,-1883888.762857,14330615.263070276,,,
Ord,Australia,-1805416.9809754295,14331163.099846696,,,
Ord,Australia,-1768962.583896647,14330429.358381815,,,
Victoria,Australia,-1750339.805164676,14524575.39374086,,,
Victoria,Australia,-1700333.5908780252,14441145.654027682,,,
Roper,Australia,-1646224.9894638106,14979639.2206251,,,
Katherine,Australia,-1638025.3715904383,14662460.244367013,,,
Roper,Australia,-1646224.9894638106,14979639.2206251,,,
Daly,Australia,-1490229.3036745186,14507650.146050915,,,
Mitchell,Australia,-1801783.379289063,15886979.05046764,,,
Mitchell,Australia,-1801783.379289063,15886979.05046764,,,
Burdekin,Australia,-2320788.9225771474,16360513.821103375,,,
Burdekin,Australia,-2106590.77884613,16224370.396146948,,,
Burdekin,Australia,-2223743.225939457,16426890.287775582,,,
Burnett,Australia,-2844150.493905464,16871750.31374616,,,
Mackenzie,Australia,-2899091.7231873823,16570336.744159976,,,
Fitzroy,Australia,-2690303.637116063,16672981.883692153,,,
Fitzroy,Australia,-2621356.402564221,16704014.451557085,,,
Macquarie,Australia,-3860028.892439717,16613780.588566735,,,
Macquarie,Australia,-3826641.516883026,16599966.49444906,,,
Macintyre,Australia,-3310676.818143429,16749903.387954775,,,
Barwon,Australia,-3310750.79990879,16750199.706623292,,,
Dumaresq,Australia,-3321967.6739317165,16905317.943704102,,,
Darling,Australia,-4020538.133524639,15799152.593429366,,,
Murray,Australia,-4290259.620981666,16368922.24272768,,,
Lachlan,Australia,-4005409.7284014793,16592008.927158283,,,
Lachlan,Australia,-4005409.7284014793,16592008.927158283,,,
Murray,Australia,-4020538.133524639,15799152.593429366,,,
Murray,Australia,-4190483.9840194928,15513802.30153842,,,
Macquarie,Australia,-5145676.021659899,16456504.523562904,,,
Derwent,Australia,-5149701.137642714,16275941.34160256,,,
South Esk,Australia,-5072517.257428934,16377838.64167529,,,
Tamar,Australia,-5032011.449887506,16365222.615516668,,,
Blackwood,Australia,-3936288.0362939015,13055064.50705645,,,
Blackwood,Australia,-4048155.910975761,12819116.413445756,,,
Avon,Australia,-3743229.830673261,12883567.738624228,,,
Santee,United States of America,3892525.1759136952,-8831945.988861628,,,
Salinas,United States of America,4375753.542997072,-13554281.310420431,,,
Soto la Marina,Mexico,2739608.3494573105,-10994973.924640331,,,
Soto la Marina,Mexico,2731008.9161252165,-10984176.260164687,,,
Sagavanirktok,United States of America,11146392.66037533,-16497149.024695296,,,
Meade,United States of America,11335118.810385212,-17386693.668480318,,,
S. Fork Kuskokwim,United States of America,9079333.716909984,-17224536.01578159,,,
South Nahanni,Canada,8598231.82135687,-13729386.652017375,,,
Keele,Canada,9419901.031462831,-13892079.979101287,,,
Miramichi,Canada,5925113.72960945,-7276680.075742493,,,
Harricana,Canada,6540032.772908836,-8831445.920836568,,,
Purificacin,Mexico,2739578.7594202748,-10995229.394174866,,,
Kennebec,United States of America,5445001.805689072,-7767287.299227719,,,
Missinaibi,Canada,6159548.724308828,-9286785.03525274,,,
Iliamna Lake Outlet,United States of America,8218388.276877439,-17353094.26463395,,,
English,Canada,6523034.654390727,-10369146.944575893,,,
English,Canada,6417669.300889334,-10102453.057087008,,,
Feather,United States of America,4784105.080218333,-13502059.532695994,,,
Feather,United States of America,4663690.7826675335,-13537363.24815998,,,
San Juan,United States of America,4444524.376609328,-12317925.626992604,,,
San Juan,United States of America,4444806.461203191,-12317979.98221272,,,
Wind,United States of America,5315900.959847733,-12040039.999682302,,,
Wind,United States of America,5318762.73214635,-12216879.27280086,,,
Thlewiaza,Canada,8444976.954079453,-10805627.515373552,,,
Thlewiaza,Canada,8444976.954079453,-10805627.515373552,,,
Kazan,Canada,8888538.970448658,-11261069.90470792,,,
Kazan,Canada,8625774.335021578,-11300352.422284257,,,
Humboldt,United States of America,4913259.316395427,-13169786.072139695,,,
Humboldt,United States of America,4913259.316395427,-13169786.072139695,,,
Yaqui,Mexico,3245202.128796457,-12231574.206558663,,,
Yaqui,Mexico,3208672.12274717,-12233740.262080198,,,
Canadian,United States of America,4238053.35960655,-11301515.62399467,,,
Canadian,United States of America,4201592.535674218,-10581493.765233858,,,
Fuerte,Mexico,3070395.9979538657,-12081045.577736208,,,
Fuerte,Mexico,3044028.6156766834,-12086437.615571529,,,
Lerma,Mexico,2263210.585822523,-11186277.121831194,,,
Lerma,Mexico,2281797.869425224,-11440262.758857451,,,
Cheyenne,United States of America,5557641.608181532,-11212739.960743643,,,
Cheyenne,United States of America,5544847.377719549,-11267929.533486312,,,
Congaree,United States of America,3948948.088361712,-8961925.626720004,,,
Congaree,United States of America,4005505.4979095305,-9023162.21770031,,,
Flathead,United States of America,6088916.012735928,-12704342.322304351,,,
Flathead,United States of America,6028010.463806998,-12702309.437072083,,,
Saint Johns,United States of America,3418877.9339186284,-9091519.342515554,,,
Saint Johns,United States of America,3532957.231445294,-9060845.801429711,,,
Coatzacoalcos,Mexico,2018929.327169274,-10517237.741776206,,,
Coatzacoalcos,Mexico,2042403.291307072,-10509636.164243286,,,
Bear,United States of America,5053148.306563364,-12489063.037521224,,,
Bear,United States of America,5054250.397967159,-12496384.68567057,,,
San Juan,Mexico,3003750.537220479,-11009035.620083785,,,
San Juan,Mexico,3025199.5948540936,-11003806.647908837,,,
Anderson,Canada,10107534.067889152,-13867679.92079214,,,
Anderson,Canada,10107534.067889152,-13867679.92079214,,,
Saguenay,Canada,6186011.475694568,-8056359.506339374,,,
Saguenay,Canada,6171266.473087813,-7987037.576367077,,,
Cooper,United States of America,3917155.7216568138,-8917800.059031531,,,
Cooper,United States of America,3904146.532720597,-8905260.309751255,,,
Cumberland,United States of America,4414483.608067475,-9819297.691186655,,,
Cumberland,United States of America,4414483.608067475,-9819297.691186655,,,
Sabine,United States of America,3636115.019560072,-10415906.022678848,,,
Sabine,United States of America,3636146.635528668,-10415775.570150584,,,
South Platte,United States of America,4983684.672744646,-11164899.21376039,,,
Monongahela,United States of America,4902493.245260581,-8906135.428795084,,,
Tombigbee,United States of America,3630115.799151792,-9789945.87232514,,,
Moctezuma,Mexico,2493108.9096356397,-10974976.639160411,,,
Atengo,Mexico,2400972.0296047945,-11586038.023680905,,,
Verde,Mexico,3045533.125122303,-11891731.781601503,,,
Bavispe,Mexico,3588934.4091059207,-12157175.49902776,,,
Motagua,Guatemala,1761427.3104903577,-9820776.153173745,,,
Kankakee,United States of America,4998305.920405738,-9778830.229811864,,,
Assiniboine,Canada,6392346.762029117,-10810166.17625304,,,
James,United States of America,5265556.452098214,-10829299.213733144,,,
Grand,United States of America,5293743.015158666,-9602594.299636554,,,
Salmon,United States of America,5728285.396829202,-12999776.532428456,,,
Pelly,Canada,9006312.507588439,-15286046.776532382,,,
Kobuk,United States of America,10064816.567919014,-18019788.21694105,,,
New,United States of America,4574011.745548809,-9034680.08884247,,,
Marais des Cygnes,United States of America,4557770.244154616,-10491247.793278746,,,
Des Moines,United States of America,4893551.3517019525,-10179265.136390986,,,
John Day,United States of America,5555371.254730617,-13368720.74223459,,,
Babine,Canada,7466152.850763564,-14214080.303056087,,,
Thompson,Canada,6455129.837586264,-13535066.740110176,,,
Namekagon,United States of America,5765527.694516972,-10261211.06623468,,,
St. Croix,United States of America,5553368.47905183,-10332661.003074408,,,
Ekwan,Canada,6988559.667443297,-9156392.297721524,,,
Black,United States of America,4226843.822170588,-10167073.260519443,,,
Scioto,United States of America,4655222.284993239,-9239816.689552328,,,
Suwannee,United States of America,3631879.224456271,-9208431.985458558,,,
Fraser,Canada,7647210.158572972,-6928850.151189594,,,
Broad,United States of America,4005505.4979095305,-9023162.21770031,,,
Cowpasture,United States of America,4608917.19295844,-8836799.91001781,,,
Cowpasture,United States of America,4553142.894023397,-8867276.88193567,,,
W. Branch Susquehanna,United States of America,4966643.271228108,-8548369.37000537,,,
Delaware,United States of America,4840831.428193608,-8351581.731105008,,,
Merrimack,United States of America,5256498.711919518,-7888518.739910641,,,
Mohawk,United States of America,5251153.917973885,-8202066.827137707,,,
Grand,Canada,5261757.921464912,-8857574.475145327,,,
Kentucky,United States of America,4651171.031447256,-9482876.927335668,,,
White,United States of America,4066383.7197166895,-10151073.801478904,,,
Kaskaskia,United States of America,4547666.294080698,-10013949.169936538,,,
Cedar,United States of America,5008888.175858159,-10133536.089709137,,,
Santa Maria,Panama,897704.9324620969,-8958737.693060322,,,
Río Chirripó del Atlántico,Costa Rica,1124727.853964541,-9260748.884818183,,,
Mico,Nicaragua,1344941.5131904902,-9321251.68032698,,,
Atoyac,Mexico,1836314.0090930487,-10865410.104215804,,,
San Pedro,Mexico,2469473.6280706497,-11741710.52870053,,,
San Pedro,Mexico,2469473.6280706497,-11741710.52870053,,,
S. Fork Republican,United States of America,4873067.530881556,-11220466.55528286,,,
Tuscarawas,United States of America,4880943.5594806485,-9111076.350712553,,,
Urique,Mexico,3097231.76731623,-12016553.109071083,,,
Yaque del Norte,Dominican Republic,2240419.475126781,-7979664.2907586275,,,
San Miguel,Mexico,3045533.125122303,-11891731.781601503,,,
Illinois,United States of America,4688902.4687603805,-10072087.513370393,,,
Richelieu,Canada,5603542.130242782,-8162488.073611733,,,
Kanawha,United States of America,4672618.186807967,-9144917.91075546,,,
Osage,United States of America,4633431.289192362,-10245420.874791596,,,
Bighorn,United States of America,5777467.113170242,-11960349.811473314,,,
Fox,United States of America,5520263.5131639,-9796351.635015558,,,
Bayou Lafourche,United States of America,3498429.173739088,-10132008.708023952,,,
Cree,Canada,7873137.102672667,-11831003.411929224,,,
Burnside,Canada,10074443.865941375,-12048280.251051584,,,
Arnaud,Canada,8377488.20992842,-7907575.6800825745,,,
French,Canada,5773489.409041521,-8907608.455260178,,,
God's,Canada,7592510.61669645,-10336425.102067336,,,
Exploits,Canada,6203499.524895914,-6299824.366421508,,,
Saint Mary's,Canada,5639510.515604934,-6987646.192786835,,,
Muskingum,United States of America,4752176.077552813,-9069559.833589531,,,
Gatineau,Canada,5663336.2864514,-8428630.255616466,,,
St.-Maurice,Canada,5806959.255195527,-8073494.989480271,,,
Kansas,United States of America,4711606.169195095,-10530889.055307824,,,
Republican,United States of America,4873067.530881556,-11220466.55528286,,,
Hayes,Canada,7592510.61669645,-10336425.102067336,,,
Verde,Mexico,1836314.0090930487,-10865410.104215804,,,
Severn,Canada,7526348.089966112,-9739150.9191287,,,
Severn,Canada,7121785.371198363,-10110606.340104122,,,
Lempa,El Salvador,1558182.6800420813,-9903194.973432472,,,
Lempa,El Salvador,1558182.6800420813,-9903194.973432472,,,
Grijalva,Mexico,1930248.231726573,-10419596.742124597,,,
Grijalva,Mexico,2071691.851380312,-10315804.26789489,,,
Conchos,Mexico,3176998.5469094096,-11731008.83124671,,,
Conchos,Mexico,3176998.5469094096,-11731008.83124671,,,
Caniapiscau,Canada,7656740.2738556,-7694014.02025505,,,
Caniapiscau,Canada,7656740.2738556,-7694014.02025505,,,
Péribonka,Canada,6203335.07144388,-8021172.654598627,,,
Péribonka,Canada,6399402.485014697,-7932796.502215389,,,
Yellowstone,United States of America,5524349.821683968,-12283048.60000654,,,
Yellowstone,United States of America,6074752.084164135,-11571321.34783509,,,
Wisconsin,United States of America,5725379.863892416,-9968486.46383326,,,
Wisconsin,United States of America,5283387.479431539,-10147206.427567802,,,
North Platte,United States of America,5222312.636120537,-11689000.399381686,,,
North Platte,United States of America,5028105.578813423,-11355604.503530024,,,
Balsas,Mexico,2054844.616015072,-11343124.54499189,,,
Balsas,Mexico,2054978.313359923,-11343608.306450875,,,
Bell,Canada,6148014.679617728,-8433946.196143605,,,
Bell,Canada,6171131.317187518,-8470057.086626269,,,
Nottaway,Canada,6594317.504464761,-8742928.444881104,,,
Nottaway,Canada,6617289.746653042,-8775296.97845892,,,
Red,Canada,7045130.398927478,-10899694.659302669,,,
Red,United States of America,6481351.989856998,-10774128.665317526,,,
Manicouagan,Canada,6299521.723048508,-7610062.382789117,,,
Manicouagan,Canada,6299521.723048508,-7610062.382789117,,,
Green,United States of America,5028808.332504039,-12191033.365636712,,,
Green,United States of America,4579302.777288537,-12230631.143489694,,,
Red,United States of America,3981953.0087326425,-10746896.700040452,,,
Red,United States of America,3610368.9966638926,-10203730.420964245,,,
Pecos,United States of America,3839641.810333119,-11609921.707398972,,,
Pecos,United States of America,3442443.373486533,-11284643.763671327,,,
Roanoke,United States of America,4356155.405690401,-8698851.79689075,,,
Roanoke,United States of America,4268008.206351129,-8537721.182385081,,,
Ivanhoe,Canada,6184600.21707372,-9151924.298628123,,,
Colville,United States of America,11164701.415372418,-16744307.646075243,,,
Susquehanna,United States of America,4774522.914449694,-8468542.836162044,,,
Prairie Dog Town Fork Red,United States of America,4090351.628853482,-11232071.39477716,,,
Arctic Red,Canada,10249964.378971148,-14888239.944845809,,,
Haw,United States of America,4221401.484323285,-8799042.05636568,,,
Cuilco,Guatemala,1772962.5398990735,-10263923.39171839,,,
Río Grande de Matagalpa,Nicaragua,1439091.6503190245,-9296030.858194122,,,
Connecticut,United States of America,5038273.515063984,-8057166.681358054,,,
Clark Fork,United States of America,6100869.357284951,-12934150.757423945,,,
Clark Fork,United States of America,6100869.357284942,-12934161.62846794,,,
Winisk,Canada,7326685.305635078,-9508608.688537588,,,
Natashquan,Canada,6446193.18596265,-6855217.852262339,,,
Pearl,United States of America,3539788.8411887125,-9988815.3161559,,,
Oconee,United States of America,3739977.306252024,-9192139.008229429,,,
Ula,Honduras,1783856.9567942494,-9765891.396599248,,,
George,Canada,8001162.95659282,-7353032.853436515,,,
Stewart,Canada,9141265.34602759,-15522233.796732318,,,
Rogue,United States of America,5215924.969527477,-13818222.10601053,,,
Eel,United States of America,4908104.349188676,-13811313.557534063,,,
Stanislaus,United States of America,4508170.389512367,-13495651.052244576,,,
Minnesota,United States of America,5575721.93495714,-10372082.126462026,,,
Mattagami,Canada,6365126.9575770125,-9122800.771691132,,,
Groundhog,Canada,6184600.21707372,-9151924.298628123,,,
Nipigon,Canada,6317090.386539925,-9822260.05068288,,,
Mlzes,Canada,7864872.206986412,-7733965.1070388,,,
Cape Fear,United States of America,4029575.046017224,-8678756.672014628,,,
Nechako,Canada,7122047.853940691,-13659966.882648911,,,
Grande Rivire de la Baleine,Canada,7379984.382425075,-8658607.19191836,,,
Eastmain,Canada,6810650.386344143,-8728094.905311977,,,
Altamaha,United States of America,3739977.306252024,-9192139.008229429,,,
Papaloapan,Mexico,2106712.4004726973,-10646537.00205822,,,
Donjek,Canada,8969513.54512258,-15585313.029674536,,,
Platte,United States of America,4991712.294987815,-10672196.32103794,,,
Moose,Canada,6540032.772908836,-9069804.432080053,,,
Koksoak,Canada,7864872.206986412,-7733965.1070388,,,
White,Canada,9112838.68567299,-15538043.01250244,,,
Churchill,Canada,7801412.546770886,-10907807.175904673,,,
Churchill,Canada,7805126.534813416,-10859857.718481202,,,
R. des Outaouais,Canada,6018278.455256024,-8773405.416798959,,,
R. des Outaouais,Canada,6018278.455256044,-8773399.981276937,,,
Ottawa,Canada,5882732.6692211935,-8812666.192287236,,,
Ottawa,Canada,5779552.511837412,-8647744.301178603,,,
Panama Canal,Panama,1010941.293745019,-8871108.924953701,,,
Panama Canal,Panama,1029293.827069128,-8897025.493904015,,,
Río Grande de Santiago,Mexico,2474266.5916505945,-11700613.392159,,,
Río Grande de Santiago,Mexico,2474266.5916505945,-11700613.392159,,,
Alsek River,Canada,8183353.653073271,-15410838.208630895,,,
Kuskokwim,United States of America,8520854.430495217,-18020562.77882765,,,
North Fork Kuskokwim,United States of America,9081419.419150751,-17223416.298247237,,,
Copper,United States of America,8523128.309429629,-16098581.219927086,,,
Susitna,United States of America,8670542.448489489,-16762715.041366804,,,
Tanana,United States of America,9613240.388169443,-16925889.41214877,,,
Porcupine,Canada,9998866.982848672,-16200536.623537136,,,
Koyukuk,United States of America,9534651.135275137,-17559513.648538534,,,
Albany,Canada,6801428.843935031,-9115144.83893809,,,
Albany,Canada,6600039.386971256,-10176574.552995332,,,
Churchill,Canada,6998571.993576828,-6725996.469724556,,,
Churchill,Canada,7019702.914617214,-7199876.149721564,,,
Rupert,Canada,6667073.96686203,-8378259.273136916,,,
Rupert,Canada,6661665.373973402,-8551630.683212226,,,
San Joaquin,United States of America,4413450.076877358,-13324712.038269354,,,
San Joaquin,United States of America,4504190.844444815,-13492362.561427664,,,
Chattahoochee,United States of America,3574524.9741306272,-9448124.917355845,,,
Chattahoochee,United States of America,3574493.517224229,-9448342.3382363,,,
Alabama,United States of America,3847122.031327277,-9623053.60448742,,,
Alabama,United States of America,3570168.9580785297,-9795609.686261004,,,
Tugaloo,United States of America,4085190.3921977994,-9257982.204114389,,,
Tugaloo,United States of America,4099983.6058858647,-9279099.207128651,,,
Chattooga,United States of America,4149691.593573365,-9252943.475209843,,,
Savannah,United States of America,3960035.479198402,-9151391.617471058,,,
Savannah,United States of America,3744905.4594930415,-9004757.540169746,,,
Coppermine,Canada,9543028.499550642,-12506013.712913765,,,
Coppermine,Canada,9559127.018637965,-12503168.217140784,,,
Rainy,Canada,6177904.064837713,-10395191.248293454,,,
Rainy,Canada,6178080.319067693,-10394658.567136357,,,
Winnipeg,Canada,6521983.590627602,-10719439.160599925,,,
Winnipeg,Canada,6483507.641248815,-10685412.79280862,,,
Back,Canada,9879290.328624723,-10797392.699526273,,,
Back,Canada,9879357.472928314,-10797485.10340045,,,
South Saskatchewan,Canada,6634490.180638144,-11894830.029147996,,,
South Saskatchewan,Canada,6634533.498170069,-11894851.771236056,,,
Pit,United States of America,4952545.544867595,-13591514.636198448,,,
Pit,United States of America,4952545.544867595,-13591514.636198448,,,
Nelson,Canada,7590641.208964261,-10623347.284721568,,,
Nelson,Canada,7601599.931877038,-10550793.936913542,,,
Skeena,Canada,7181401.039869976,-14414039.569050085,,,
Liard,Canada,8784953.442335727,-13500428.876092613,,,
Coco,Nicaragua,1677805.7371577662,-9254036.015134132,,,
Double Mountain Fork Brazos,United States of America,3859445.149098189,-11187755.583818302,,,
Beaver,Canada,7406316.467491895,-11993607.052899975,,,
Finlay,Canada,7674827.106720188,-13896637.664307833,,,
Verde,Mexico,2493275.0024331245,-10974982.074682424,,,
S. Branch Potomac,United States of America,4786389.669810522,-8719139.882798215,,,
Hudson,United States of America,5030123.882168849,-8231779.832676339,,,
Wabash,United States of America,4525953.531512952,-9801170.225278657,,,
Saint John,Canada,5644603.498918948,-7368312.105810528,,,
Yadkin,United States of America,4308240.837766635,-8955503.557463553,,,
Willamette,United States of America,5694912.032520968,-13662706.38574262,,,
Gila,United States of America,3886798.02060696,-12384918.435782984,,,
Brazos,United States of America,3339819.7484273883,-10617949.811364245,,,
Great Bear,Canada,9609634.872770872,-13744837.12333472,,,
Pánuco,Mexico,2493275.0024331245,-10974982.074682424,,,
Trinity,United States of America,5014126.113772606,-13769065.962700533,,,
Great Pee Dee,United States of America,3929913.904954808,-8815340.46911681,,,
Pend Orielle,United States of America,6245643.937807054,-13094101.863653123,,,
Potomac,United States of America,4680797.373854623,-8579207.562580653,,,
Mississippi,United States of America,5977066.443079038,-10500374.034735886,,,
Mississippi,United States of America,5946097.3253768,-10595381.523972984,,,
Usumacinta,Mexico,2052403.137323311,-10264293.637633622,,,
Stikine,Canada,7650967.501770004,-14728837.826339748,,,
San Juan,Nicaragua,1237206.004334846,-9436533.66666656,,,
San Juan,Nicaragua,1215610.8768888044,-9311244.884304006,,,
Thelon,Canada,9507082.90639402,-10809486.736001646,,,
Thelon,Canada,9507082.90639402,-10809486.736001646,,,
Colorado,United States of America,4077272.403227995,-12732384.180361124,,,
Colorado,United States of America,4046966.8104824666,-12704336.886782335,,,
Sacramento,United States of America,4943460.924464214,-13626690.616895176,,,
Sacramento,United States of America,4646213.236987673,-13534305.76702855,,,
Tennessee,United States of America,4268008.206351133,-9793375.686714338,,,
Tennessee,United States of America,4416374.72619053,-9827652.08851815,,,
Klamath,United States of America,5203555.55952466,-13575569.532378038,,,
Klamath,United States of America,5025071.71762506,-13779108.089616563,,,
Athabasca,Canada,8077355.1194502385,-12358194.691813996,,,
Athabasca,Canada,7360633.689566775,-12695911.8276647,,,
Holston,United States of America,4257729.04296674,-9347440.02537786,,,
Fraser,Canada,6268181.675263376,-13696814.286364095,,,
Sprague,United States of America,5203709.754821572,-13575487.999547891,,,
Chixoy,Guatemala,1841424.217515388,-10063439.59785025,,,
Snake,United States of America,5230438.688827816,-12614308.3357077,,,
Snake,United States of America,5762352.062188051,-13238050.793080756,,,
La Grande,Canada,7097472.484457139,-8618384.329034103,,,
La Grande,Canada,7097449.531343264,-8618319.102769978,,,
Rio Grande,United States of America,3111173.0382406493,-11072123.006308973,,,
Rio Grande,United States of America,3050020.4203041107,-11039789.803624224,,,
Saskatchewan,Canada,7129211.961686566,-11396957.95499268,,,
Saskatchewan,Canada,6978324.870187336,-11057400.89494115,,,
North Saskatchewan,Canada,6899962.853069176,-12059683.97623146,,,
Arkansas,United States of America,4079236.588579944,-10257139.86024816,,,
Yukon,United States of America,9000045.671000421,-18310017.91473924,,,
Teslin,Canada,8275891.5082285935,-14704791.076961355,,,
Teslin,Canada,8463081.562345624,-14832751.418392476,,,
Columbia,Canada,6185921.213702929,-13143736.332900122,,,
Columbia,United States of America,5684949.74959242,-13597670.364876335,,,
Allegheny,United States of America,4903489.273179172,-8904545.538606754,,,
Niagara,Canada,5325084.080998106,-8800827.625346415,,,
St. Clair,Canada,5285461.362785746,-9174644.780635746,,,
Ohio,United States of America,4410553.34497098,-9921219.164422233,,,
Saint Lawrence,Canada,5591183.923451345,-8317006.375590534,,,
Peace,Canada,8081469.971920531,-12670756.231795998,,,
Peace,Canada,8072710.374504588,-12658526.30727036,,,
Mackenzie,Canada,8659325.852108117,-13098749.234972844,,,
Mackenzie,Canada,10699625.122629477,-15009867.903133692,,,
Slave,Canada,8644967.077748772,-12657515.3001762,,,
Mississippi,United States of America,3374595.134191817,-9936487.545752233,,,
Madison,United States of America,5553616.417491552,-12367426.925950322,,,
Madison,United States of America,5571417.240088712,-12390998.067152742,,,
Missouri,United States of America,5291908.183909967,-10971612.051035346,,,
Missouri,United States of America,4668994.163715918,-10033571.404397665,,,
Salinas,United States of America,4188844.587761559,-13393968.741977498,,,
Rio Batepito,Mexico,3588682.460701881,-12157773.406449,,,
