river_name,n_days,avg_speed_ms,std_speed_ms,min_speed_ms,max_speed_ms,country,latitude,longitude
Adycha,6,0.0027,0.0014,0.001,0.0045,Russia,90.0,150.0482
Ahuriri,12,0.0681,0.0367,0.0199,0.1254,New Zealand,-54.4993,180.0
Alazeya,6,0.0027,0.0014,0.001,0.0045,Russia,90.0,171.0576
Aldan,6,0.0029,0.0015,0.0014,0.0051,Russia,90.0,144.0293
Alsek River,6,0.006,0.0022,0.0041,0.0092,Canada,81.8335,-154.1084
Anabar,6,0.003,0.0014,0.0014,0.0051,Russia,90.0,127.0048
Anadyr’,6,0.0029,0.0016,0.001,0.005,Russia,90.0,180.0
Anderson,12,0.0027,0.0014,0.001,0.0045,Canada,90.0,-138.6768
Angara,12,0.0134,0.0116,0.0028,0.0362,Russia,75.8095,113.3268
Aparima,6,0.0226,0.0114,0.0054,0.0392,New Zealand,-56.9314,180.0
Arctic Red,6,0.0033,0.0013,0.002,0.005,Canada,90.0,-148.8824
Ariège,6,0.0403,0.0174,0.02,0.0664,France,53.6167,1.5633
Arnaud,6,0.016,0.0024,0.0133,0.0202,Canada,83.7749,-79.0758
Asahan,6,0.0494,0.0175,0.0291,0.0751,Indonesia,2.6719,110.3715
Atbara,12,0.0457,0.0329,0.0061,0.102,Sudan,16.7077,39.9654
Atengo,6,0.0048,0.0034,0.0014,0.0098,Mexico,24.0097,-115.8604
Athabasca,12,0.0144,0.0157,0.001,0.0443,Canada,80.7736,-123.5819
Atoyac,6,0.0096,0.0032,0.0051,0.0134,Mexico,18.3631,-108.6541
Atrato,6,0.0075,0.001,0.0061,0.009,Colombia,9.0277,-85.5369
Avon,6,0.0511,0.021,0.0286,0.0834,Australia,-37.4323,128.8357
Awash,12,0.0308,0.0286,0.0028,0.1006,Ethiopia,12.9084,46.333
Awatere,6,0.0414,0.0182,0.0292,0.0751,New Zealand,-51.6077,180.0
Ba,6,0.0026,0.0009,0.0014,0.004,Vietnam,14.5974,121.7037
Babine,6,0.0037,0.0019,0.0014,0.006,Canada,74.6615,-142.1408
Back,12,0.0013,0.0002,0.001,0.0014,Canada,90.0,-107.9739
Bajang,6,0.0101,0.0033,0.0072,0.0144,Malaysia,2.5345,124.3197
Baliem,6,0.0673,0.0077,0.0586,0.0756,Indonesia,-6.2897,154.0249
Balsas,12,0.0088,0.0034,0.0041,0.0134,Mexico,20.5484,-113.4312
Baram,6,0.01,0.0055,0.001,0.016,Malaysia,5.0932,126.9029
Barito,6,0.0219,0.0177,0.0045,0.0507,Indonesia,-3.7042,127.5168
Barwon,6,0.0213,0.0182,0.003,0.0431,Australia,-33.1075,167.502
Bavispe,6,0.0207,0.0074,0.0143,0.0332,Mexico,35.8893,-121.5718
Bei,6,0.0244,0.0152,0.0073,0.0427,China,26.3372,125.5899
Bell,12,0.0417,0.0255,0.0164,0.103,Canada,61.4801,-84.3395
Betsiboka,6,0.0952,0.0029,0.0922,0.0989,Madagascar,-17.8755,51.7348
Bhima,6,0.0379,0.0045,0.0313,0.0447,India,18.408,86.0329
Bikin,6,0.0732,0.0123,0.0576,0.0904,Russia,58.8716,149.2118
Blackwood,12,0.0494,0.031,0.0072,0.0967,Australia,-39.3629,130.5506
Bol’shaya Kuonamka,6,0.003,0.0014,0.0014,0.0051,Russia,90.0,125.2878
Bol’shoy Anyuy,6,0.0029,0.0016,0.001,0.005,Russia,90.0,179.1526
Bol’shoy Yugan,6,0.0046,0.0022,0.002,0.0086,Russia,85.9751,81.6958
Buller,6,0.048,0.0118,0.0284,0.062,New Zealand,-50.9648,180.0
Burdekin,18,0.0127,0.0138,0.0,0.0361,Australia,-23.2079,163.6051
Burnett,12,0.0084,0.0034,0.004,0.0148,Australia,-28.2703,169.6562
Burnside,6,0.0019,0.0008,0.001,0.0032,Canada,90.0,-120.4828
Bykovskaya Protoka,6,0.0029,0.0015,0.0014,0.0051,Russia,90.0,141.0303
Bytantay,6,0.0027,0.0014,0.001,0.0045,Russia,90.0,149.6845
Bío-Bío,6,0.0053,0.0019,0.0022,0.0078,Chile,-43.8516,-81.4486
Büyük Menderes,6,0.0463,0.0229,0.0238,0.079,Turkey,44.8936,30.368
Cagayan,6,0.0639,0.0054,0.0556,0.071,Philippines,20.6091,135.4115
Caledon,6,0.1484,0.0308,0.1105,0.2009,South Africa,-35.4808,29.0095
Caledonian Canal,6,0.0132,0.0066,0.0064,0.0243,United Kingdom,77.0961,-5.5315
Caniapiscau,12,0.0107,0.0061,0.0032,0.021,Canada,76.5674,-76.9401
Cauca,6,0.0043,0.0049,0.0,0.011,Colombia,10.4704,-83.2112
Cauvery,12,0.0421,0.0272,0.0022,0.0769,India,13.335,86.4673
Cess,6,0.1062,0.023,0.0628,0.1241,Liberia,6.0516,-10.6651
Ceyhan,6,0.0334,0.0063,0.0267,0.0421,Turkey,43.5623,39.5935
Chang Jiang,6,0.035,0.0165,0.0078,0.056,China,34.4949,125.5482
Chao Phraya,6,0.0399,0.017,0.0177,0.0672,Thailand,17.0533,111.4122
Chara,6,0.0047,0.0009,0.0036,0.0061,Russia,84.3897,134.5728
Chi,6,0.0135,0.0041,0.009,0.0204,Thailand,16.9978,116.5694
Chico,24,0.0149,0.0079,0.0028,0.031,Argentina,-63.6652,-76.5188
Chubut,6,0.0447,0.0203,0.0122,0.0667,Argentina,-53.965,-73.9801
Chulym,6,0.0697,0.0528,0.0284,0.1407,Russia,78.9746,94.6456
Chuna,6,0.0187,0.0083,0.0067,0.0272,Russia,78.7517,106.2783
Churchill,18,0.0253,0.0208,0.0022,0.0707,Canada,78.0141,-109.0781
Chusovaya,12,0.0346,0.0209,0.0158,0.0699,Russia,79.6644,63.5752
Clarence,6,0.0309,0.0127,0.0184,0.0455,New Zealand,-51.503,180.0
Clutha,6,0.0309,0.0062,0.0212,0.0362,New Zealand,-58.0837,180.0
Colorado,12,0.0044,0.0054,0.0,0.0177,Argentina,-46.668,-72.3246
Columbia,6,0.0,0.0,0.0,0.0,Canada,61.8592,-131.4374
Colville,6,0.0034,0.0015,0.002,0.0057,United States of America,90.0,-167.4431
Conchos,12,0.0021,0.0006,0.0014,0.003,Mexico,31.77,-117.3101
Copiapó,6,0.0101,0.0039,0.0036,0.014,Chile,-31.4378,-78.9618
Copper,6,0.015,0.0046,0.0071,0.0214,United States of America,85.2313,-160.9858
Coppermine,12,0.002,0.0009,0.001,0.0036,Canada,90.0,-125.0601
Cree,6,0.0628,0.0212,0.0377,0.0915,Canada,78.7314,-118.31
Cuilco,6,0.0028,0.0019,0.001,0.006,Guatemala,17.7296,-102.6392
Cả,6,0.0266,0.0226,0.0,0.061,Vietnam,21.0161,117.7211
Dalälven,12,0.0018,0.0009,0.001,0.0036,Sweden,83.9751,18.2942
Damietta Branch,6,0.0479,0.0164,0.031,0.068,Egypt,35.0463,34.6707
Dan,12,0.053,0.019,0.0362,0.0861,China,38.7938,123.8196
Darling,6,0.022,0.0088,0.0092,0.0326,Australia,-40.2054,157.9915
Daugava,6,0.0269,0.0137,0.0164,0.0537,Belarus,77.3875,26.7724
Derwent,6,0.0443,0.0152,0.028,0.062,Australia,-51.497,162.7594
Desaguadero,6,0.0091,0.0046,0.0014,0.013,Argentina,-37.9263,-74.9868
Deseado,6,0.0315,0.0109,0.013,0.0457,Argentina,-60.5273,-73.8987
Digul,6,0.0045,0.0038,0.001,0.0117,Indonesia,-7.9364,155.0012
Di’er Songhua,18,0.0998,0.0663,0.0081,0.2185,China,53.9019,141.0182
Dnepre,6,0.0455,0.0182,0.025,0.0761,Russia,73.1082,37.1703
Dong,6,0.0,0.0,0.0,0.0,China,26.2864,126.7306
Donjek,6,0.0039,0.0024,0.001,0.0071,Canada,89.6951,-155.8531
Dordogne,6,0.0355,0.0162,0.0184,0.063,France,55.7803,2.0138
Doubs,6,0.074,0.0231,0.0434,0.1061,France,58.8374,5.5115
Drau,6,0.0024,0.0012,0.001,0.0041,Iceland,90.0,-20.23
Duero,6,0.0306,0.0071,0.0238,0.042,Spain,50.1097,-8.5173
Dulgalakh,6,0.0027,0.0014,0.001,0.0045,Russia,90.0,148.2956
Dumaresq,6,0.0062,0.0025,0.0032,0.0098,Australia,-33.2197,169.0532
Durance,6,0.0642,0.035,0.015,0.1154,France,54.2531,5.3018
Eastmain,6,0.0245,0.0101,0.0117,0.0412,Canada,68.1065,-87.2809
Eel,6,0.0066,0.0035,0.0014,0.012,United States of America,49.081,-138.1131
Ekwan,6,0.007,0.0006,0.006,0.008,Canada,69.8856,-91.5639
Elbe,6,0.0258,0.0047,0.021,0.0312,Germany,70.4919,10.9305
Ems,6,0.0212,0.0044,0.0156,0.0255,Germany,70.0492,8.2005
Esla,6,0.0264,0.0156,0.0112,0.056,Spain,50.567,-6.7184
Exploits,6,0.07,0.0104,0.0559,0.0806,Canada,62.035,-62.9982
Feather,12,0.0059,0.0051,0.001,0.013,United States of America,47.8411,-135.0206
Ferenc Csatorna,6,0.0447,0.015,0.027,0.0662,Hungary,57.8084,21.056
Finlay,6,0.0029,0.001,0.0014,0.0045,Canada,76.7483,-138.9664
Fitzroy,12,0.0541,0.0532,0.001,0.1164,Australia,-20.343,137.9206
Fly,6,0.0184,0.0128,0.0022,0.0338,Papua New Guinea,-7.6383,156.9767
Fraser,6,0.0018,0.0031,0.0,0.008,Canada,76.4721,-69.2885
French,6,0.0814,0.0535,0.0175,0.1598,Canada,57.7349,-89.0761
Fuerte,12,0.0068,0.0028,0.0022,0.0112,Mexico,30.704,-120.8105
Gallegos,6,0.0063,0.0025,0.0041,0.0112,Argentina,-66.9911,-77.4971
Gambia,6,0.0169,0.0078,0.0063,0.0271,Senegal,15.0637,-17.0323
Gamka,6,0.0583,0.0333,0.0166,0.1082,South Africa,-39.0149,24.1454
Gamtoos,6,0.1614,0.0742,0.042,0.2732,South Africa,-40.0037,27.8511
Gan,12,0.2306,0.012,0.2159,0.2463,China,33.9033,129.1105
Gatineau,6,0.1274,0.0511,0.0741,0.1951,Canada,56.6334,-84.2863
Gila,6,0.0301,0.0094,0.0206,0.0428,United States of America,38.868,-123.8492
Glomma,6,0.0082,0.003,0.0036,0.0117,Norway,84.8029,13.389
Godävari,6,0.0196,0.0085,0.0092,0.034,India,19.0318,91.0137
Gourits,6,0.0877,0.0708,0.0227,0.2219,South Africa,-40.5095,24.3547
Grande,6,0.0032,0.0026,0.0,0.0076,Brazil,-22.3726,-56.3077
Great Bear,6,0.0028,0.0013,0.001,0.0045,Canada,90.0,-137.4484
Great Kei,6,0.0539,0.0395,0.0095,0.1149,South Africa,-38.2959,31.5739
Great Ruaha,6,0.0446,0.0169,0.0175,0.0702,United Republic of Tanzania,-8.7721,42.092
Grey,6,0.08,0.0083,0.0695,0.0905,New Zealand,-51.9351,180.0
Groundhog,6,0.0405,0.0256,0.0122,0.0723,Canada,61.846,-91.5192
Guadalquivir,6,0.0,0.0,0.0,0.0,Spain,44.0398,-6.896
Guadiana,12,0.0168,0.0156,0.001,0.0474,Spain,47.175,-5.7671
Göta älv,6,0.0169,0.0092,0.0054,0.0311,Sweden,80.0984,13.7309
Han,18,0.0388,0.025,0.0073,0.1053,South Korea,44.9424,141.5796
Hawea,6,0.0262,0.0098,0.0184,0.0448,New Zealand,-55.3009,180.0
Hong,6,0.16,0.0635,0.0425,0.2235,China,22.9373,118.5563
Hongshui,6,0.1438,0.0285,0.1078,0.1892,China,27.1138,121.9266
Huai,6,0.0113,0.0193,0.0,0.049,China,38.0633,129.711
Huallaga,6,0.033,0.0081,0.021,0.0401,Peru,-8.3094,-85.4043
Hudi,12,0.0678,0.0144,0.0422,0.0952,China,38.3488,132.7865
Humboldt,12,0.0057,0.0026,0.0014,0.0086,United States of America,49.1326,-131.6979
Hurunui,6,0.0514,0.0249,0.0166,0.0772,New Zealand,-52.4205,180.0
Hutt,6,0.0314,0.0095,0.0247,0.0501,New Zealand,-49.9184,180.0
IJssel,6,0.0088,0.0063,0.0022,0.0192,Netherlands,68.7114,6.5207
Igan,6,0.0059,0.0029,0.0014,0.0092,Malaysia,2.5345,124.4718
Iliamna Lake Outlet,6,0.0055,0.0022,0.002,0.0081,United States of America,82.1839,-173.5309
Inangahua,6,0.0358,0.014,0.0201,0.0556,New Zealand,-51.786,180.0
Indalsälven,12,0.003,0.0013,0.0014,0.005,Sweden,90.0,15.501
Indigirka,6,0.0028,0.0015,0.001,0.005,Russia,90.0,167.0137
Indravati,6,0.0314,0.0142,0.0202,0.0573,India,21.0758,89.3532
Irrawaddy Delta,6,0.0643,0.0228,0.0397,0.0948,Myanmar,18.8587,106.2867
Irtysh,6,0.0022,0.001,0.001,0.0036,Russia,86.17,76.6561
Ishim,6,0.0428,0.0323,0.0175,0.1041,Russia,78.6758,79.2969
Ismailiya Canal,6,0.0084,0.0074,0.002,0.019,Egypt,34.9763,34.7735
Ivanhoe,6,0.0405,0.0256,0.0122,0.0723,Canada,61.846,-91.5192
Jing,6,0.1018,0.0208,0.077,0.124,China,40.6791,121.4173
Jiulong,6,0.0234,0.0083,0.013,0.0382,China,27.9185,131.1238
Jubba,6,0.0328,0.0133,0.0191,0.0572,Somalia,-0.2705,47.4565
Jänisjoki,12,0.0034,0.0022,0.001,0.0063,Russia,84.7237,34.7349
Kalix,12,0.0029,0.0011,0.0014,0.0042,Sweden,90.0,22.2362
Kamchatka,6,0.0132,0.0034,0.0092,0.0177,Russia,75.7139,180.0
Kapuas,6,0.0,0.0,0.0,0.0,Indonesia,-0.2623,121.5814
Karamea,6,0.0732,0.0087,0.0636,0.0884,New Zealand,-50.4711,180.0
Katanga,6,0.0073,0.003,0.0022,0.0106,Russia,78.5908,116.1575
Katherine,6,0.0236,0.0202,0.0032,0.053,Australia,-16.3803,146.6246
Kawarau,6,0.0834,0.0169,0.0515,0.0999,New Zealand,-56.0206,180.0
Kayan,6,0.0105,0.0062,0.0032,0.0184,Indonesia,3.2326,130.8492
Kazan,12,0.0133,0.0086,0.001,0.03,Canada,88.8854,-112.6107
Keele,6,0.0027,0.0015,0.001,0.0045,Canada,90.0,-138.9208
Kem,6,0.0023,0.001,0.001,0.0036,Russia,90.0,38.6381
Kemijoki,12,0.0029,0.0011,0.0014,0.0042,Finland,90.0,30.4846
Khatanga,6,0.003,0.0013,0.0014,0.005,Russia,90.0,116.9631
Kheta,6,0.003,0.0013,0.0014,0.005,Russia,90.0,113.6328
Klamath,12,0.0186,0.0124,0.005,0.0355,United States of America,52.0356,-135.7557
Klarälven,12,0.0097,0.0098,0.0,0.0311,Sweden,80.0984,13.7309
Kobuk,6,0.0029,0.0016,0.001,0.005,United States of America,90.0,-180.0
Kokemäenjoki,6,0.0038,0.0028,0.001,0.0082,Finland,87.085,24.1745
Kola,12,0.0024,0.0011,0.001,0.0042,Russia,90.0,37.0602
Kolidam,6,0.0134,0.0031,0.01,0.0184,India,12.0925,87.5839
Kolyma,6,0.0029,0.0016,0.001,0.005,Russia,90.0,178.955
Kong,6,0.0349,0.0096,0.0191,0.0471,Laos,15.1505,118.0341
Kotuy,6,0.003,0.0013,0.0014,0.005,Russia,90.0,114.6305
Kovzha River,12,0.0039,0.0031,0.001,0.0108,Russia,86.1099,40.3909
Koyukuk,6,0.0027,0.0014,0.001,0.0045,United States of America,90.0,-175.5951
Krishna,12,0.0423,0.0171,0.016,0.0713,India,18.1947,87.9392
Krong,6,0.024,0.0046,0.0194,0.0321,Vietnam,14.7705,119.5319
Kukhtuy,6,0.0039,0.0009,0.003,0.0054,Russia,82.2697,159.4232
Kureyka,6,0.002,0.0015,0.0,0.004,Russia,90.0,97.0844
Kuskokwim,6,0.0053,0.0025,0.003,0.0098,United States of America,85.2085,-180.0
Lachlan,12,0.0273,0.0123,0.0141,0.0501,Australia,-40.0541,165.9201
Lancang,6,0.1064,0.1119,0.0311,0.3303,China,20.0348,113.0601
Lek,6,0.026,0.0077,0.0117,0.033,Netherlands,67.5975,5.9345
Lempa,12,0.0248,0.0088,0.0139,0.0386,El Salvador,15.5818,-99.0319
Lena,6,0.0029,0.0015,0.0014,0.0051,Russia,90.0,141.0303
Lerma,12,0.019,0.0068,0.0072,0.0296,Mexico,22.6321,-111.8628
Liard,6,0.0026,0.0013,0.0,0.0036,Canada,87.8495,-135.0043
Licungo,6,0.066,0.0752,0.0086,0.2154,Mozambique,-19.698,41.8231
Ligonha,6,0.035,0.0122,0.0136,0.046,Mozambique,-17.0361,41.6086
Limay,12,0.0224,0.0084,0.0112,0.0347,Argentina,-47.8882,-77.1586
Limpopo,6,0.1226,0.0601,0.0524,0.2031,Mozambique,-28.8108,37.3245
Liu,6,0.1438,0.0285,0.1078,0.1892,China,27.1138,121.9266
Loire,6,0.0541,0.0354,0.0186,0.1154,France,55.6425,4.665
Lotta,12,0.0026,0.0009,0.0014,0.0042,Russia,90.0,33.9978
Lower Tunguska,6,0.002,0.0015,0.0,0.004,Russia,90.0,97.9179
Luirojoki,6,0.0029,0.0012,0.0014,0.0042,Finland,90.0,30.8834
Lule lv,6,0.0029,0.0011,0.0014,0.0042,Sweden,90.0,24.2278
Luwegu,6,0.061,0.0325,0.0198,0.099,United Republic of Tanzania,-10.0942,41.4911
Luza,6,0.0023,0.001,0.001,0.0036,Russia,85.3015,51.5755
Lúrio,6,0.0022,0.001,0.001,0.0036,Mozambique,-15.0815,45.1144
Maas,12,0.0164,0.008,0.0051,0.0306,France,67.1854,5.6982
Macintyre,6,0.0213,0.0182,0.003,0.0431,Australia,-33.1068,167.499
Mackenzie,18,0.0098,0.0079,0.002,0.0314,Australia,-28.9909,165.7034
Macquarie,18,0.0119,0.0094,0.003,0.0422,Australia,-38.6003,166.1378
Mae Klong,12,0.0329,0.017,0.0102,0.0676,Thailand,16.8315,110.2499
Magdalena,6,0.0586,0.0214,0.0312,0.096,Colombia,12.3883,-83.3328
Mahakam,6,0.0354,0.0263,0.0057,0.0726,Indonesia,-0.5725,130.7352
Mahaweli,12,0.0695,0.0267,0.043,0.1012,Sri Lanka,8.8745,90.3272
Main,6,0.0559,0.0205,0.0305,0.0845,Germany,64.1236,9.2301
Malaya Ob,6,0.0008,0.0004,0.0,0.001,Russia,90.0,73.1408
Mamberamo,6,0.0027,0.0016,0.001,0.005,Indonesia,-1.6413,153.5212
Mamoré,6,0.0032,0.0026,0.0,0.0076,Bolivia,-17.7682,-71.9834
Mananantanana,6,0.0484,0.0063,0.041,0.0558,Madagascar,-24.2743,50.8204
Manawatu,6,0.017,0.0119,0.0054,0.0383,New Zealand,-48.4112,180.0
Manganui,6,0.0149,0.0075,0.0064,0.0275,New Zealand,-42.7538,180.0
Mangoky,6,0.0357,0.011,0.0201,0.0499,Madagascar,-24.1404,48.471
Mania,6,0.0636,0.0216,0.0264,0.0873,Madagascar,-22.2577,50.5383
Manicouagan,12,0.0082,0.0048,0.0032,0.0171,Canada,62.9952,-76.1006
Maningory,12,0.0017,0.0004,0.0014,0.0022,Madagascar,-19.543,54.0977
Maputo,6,0.0876,0.0186,0.065,0.1079,South Africa,-30.0363,36.3788
Marañón,6,0.0279,0.0102,0.013,0.0408,Peru,-4.926,-81.8142
Markha,6,0.0029,0.0015,0.0014,0.0051,Russia,90.0,132.3376
Marne,6,0.0229,0.0089,0.0117,0.0373,France,62.1154,2.6819
Masi,6,0.1257,0.0457,0.0695,0.1671,Indonesia,-2.6185,116.9356
Mataura,6,0.0201,0.0156,0.0085,0.0453,New Zealand,-56.493,180.0
Maya,6,0.0224,0.0056,0.0156,0.0296,Russia,84.6201,149.7845
Mazoe,6,0.0155,0.0034,0.0103,0.018,Zimbabwe,-18.3969,37.6279
Meade,6,0.0029,0.0016,0.001,0.005,United States of America,90.0,-173.8669
Mei,6,0.0321,0.0085,0.0158,0.0408,China,29.6672,128.1017
Mekong,6,0.0076,0.0039,0.003,0.0133,Laos,12.9079,116.8298
Mendoza,6,0.0044,0.0009,0.0032,0.0058,Argentina,-36.4671,-77.2889
Merrimack,6,0.068,0.0411,0.019,0.1255,United States of America,52.565,-78.8852
Mezen,6,0.002,0.0008,0.001,0.0028,Russia,90.0,49.1806
Mico,6,0.0144,0.0143,0.003,0.0379,Nicaragua,13.4494,-93.2125
Min,6,0.0267,0.0116,0.0092,0.0441,China,29.9833,132.5746
Mincio,6,0.0358,0.0213,0.0067,0.0656,Italy,56.6226,11.9005
Mira,6,0.0573,0.0276,0.0332,0.1033,Ecuador,1.9817,-87.8488
Missinaibi,6,0.1051,0.0479,0.0305,0.1649,Canada,61.5955,-92.8679
Mitchell,12,0.0324,0.0315,0.0117,0.0971,Australia,-18.0178,158.8698
Moawhango,6,0.0068,0.0039,0.0022,0.0117,New Zealand,-47.3464,180.0
Moctezuma,6,0.0163,0.0089,0.0071,0.0303,Mexico,24.9311,-109.7498
Mogami,6,0.1982,0.0135,0.1778,0.2193,Japan,46.8246,155.6424
Mohaka,6,0.0097,0.0023,0.007,0.012,New Zealand,-47.0605,180.0
Mokau,6,0.0127,0.007,0.0022,0.0228,New Zealand,-46.2171,180.0
Moma,6,0.0026,0.0014,0.001,0.0045,Russia,90.0,159.3335
Morava,6,0.0653,0.0358,0.0338,0.1271,Czechia,61.0453,18.8957
Moscow Canal,12,0.0405,0.0268,0.005,0.0798,Russia,74.8106,41.6845
Mosel,6,0.0205,0.0078,0.0092,0.0304,France,64.766,8.4673
Moskva River,6,0.0156,0.0092,0.003,0.0301,Russia,74.5026,40.4925
Motala ström,12,0.0351,0.0214,0.0098,0.0774,Sweden,80.3668,17.2876
Motueka,6,0.0041,0.0019,0.0022,0.0076,New Zealand,-50.7916,180.0
Motueka Left Branch,6,0.0375,0.0116,0.0192,0.0539,New Zealand,-50.721,180.0
Motueka Right Branch,6,0.0371,0.0121,0.0163,0.0516,New Zealand,-50.7643,180.0
Msta,12,0.0173,0.0115,0.0022,0.0438,Russia,80.201,34.9228
Muling,6,0.0336,0.0145,0.0153,0.0538,China,57.2939,148.6228
Mun,6,0.0251,0.0034,0.0193,0.028,Thailand,17.1485,117.4463
Muonio,6,0.003,0.0012,0.0014,0.0042,Finland,90.0,26.2419
Mur,6,0.0748,0.0393,0.0248,0.1324,Austria,56.7846,21.07
Mureș,6,0.0312,0.0232,0.001,0.0638,Romania,57.9112,22.465
Murray,18,0.0278,0.0201,0.0073,0.074,Australia,-42.9026,163.6892
Nadym,6,0.0017,0.0012,0.0,0.003,Russia,90.0,81.8451
Nakdong,6,0.0118,0.0049,0.005,0.02,South Korea,41.5768,143.558
Namhan,6,0.0284,0.0147,0.015,0.0547,South Korea,44.9424,141.5796
Napo,6,0.0112,0.0041,0.004,0.016,Peru,-3.8157,-80.8911
Narva,12,0.0045,0.0026,0.002,0.009,Estonia,81.4233,30.8733
Nechako,6,0.0073,0.0047,0.001,0.0153,Canada,71.2205,-136.5997
Nederrijn,6,0.0302,0.0059,0.0225,0.0379,Netherlands,67.4477,6.7137
Nelson,6,0.0088,0.0041,0.002,0.0134,Canada,75.9064,-106.2335
Neman,6,0.0421,0.0077,0.0302,0.0501,Lithuania,73.7514,23.675
Neris,6,0.0381,0.0108,0.023,0.0535,Belarus,73.0896,26.5348
Ness,12,0.0054,0.0013,0.0032,0.007,United Kingdom,78.0512,-4.8357
Neuquén,6,0.0,0.0,0.0,0.0,Argentina,-46.9118,-75.7129
Neva,12,0.0017,0.0008,0.0,0.0022,Russia,83.5181,34.5566
Ngaruroro,6,0.0074,0.0045,0.0032,0.0141,New Zealand,-47.1336,180.0
Ngun,12,0.1069,0.0884,0.0184,0.2991,Laos,21.077,114.4149
Nile,6,0.012,0.0062,0.0051,0.0197,Sudan,34.9804,34.7728
Nizhnyaya Taymyra,12,0.0029,0.0013,0.001,0.005,Russia,90.0,111.0764
North Fork Kuskokwim,6,0.0031,0.0015,0.001,0.005,United States of America,90.0,-172.2342
Ob,6,0.0015,0.0011,0.0,0.0032,Russia,71.1398,90.5407
Ocoña,6,0.0518,0.0056,0.0466,0.0604,Peru,-18.4443,-81.3951
Oder,6,0.0123,0.0054,0.0036,0.017,Poland,70.6001,16.248
Ohau,12,0.0357,0.018,0.002,0.0612,New Zealand,-54.7867,180.0
Oich,12,0.0098,0.0083,0.0,0.0245,United Kingdom,77.2633,-5.3833
Oka,6,0.0358,0.0214,0.0197,0.0784,Russia,75.8067,113.3257
Olenekskaya Protoka,6,0.0029,0.0015,0.0014,0.0051,Russia,90.0,136.6248
Olenëk,6,0.0029,0.0015,0.0014,0.0051,Russia,90.0,134.2217
Olifants,6,0.0214,0.0129,0.0081,0.0412,South Africa,-36.9988,20.2483
Oloy,6,0.0028,0.0015,0.001,0.005,Russia,90.0,177.4516
Olëkma,6,0.0053,0.001,0.004,0.0064,Russia,84.5365,134.3112
Omolon,6,0.0029,0.0016,0.001,0.005,Russia,90.0,176.6424
Onega,6,0.0023,0.001,0.001,0.0036,Russia,90.0,42.2919
Ongarue,6,0.006,0.0041,0.0022,0.0114,New Zealand,-46.338,180.0
Onilahy,6,0.0115,0.0066,0.002,0.0193,Madagascar,-26.8431,48.7018
Orange,12,0.1253,0.0815,0.0441,0.2652,South Africa,-35.5214,28.9117
Orari,6,0.1163,0.0229,0.0785,0.1374,New Zealand,-54.0836,180.0
Oreti,6,0.1074,0.0236,0.0722,0.1406,New Zealand,-56.24,180.0
Ottawa,12,0.0568,0.0231,0.0269,0.1037,Canada,58.8273,-88.1267
Ou,12,0.0209,0.0215,0.0,0.069,China,32.4315,134.2174
Oulu,6,0.0031,0.0014,0.0014,0.005,Finland,90.0,29.8348
Ozhogina,6,0.0028,0.0015,0.001,0.005,Russia,90.0,168.161
Palar,6,0.0707,0.0134,0.0485,0.085,India,13.8914,89.222
Palyavaam,6,0.0029,0.0016,0.001,0.005,Russia,90.0,180.0
Panama Canal,12,0.0341,0.0176,0.0108,0.0596,Panama,10.1094,-88.7111
Pangani,12,0.0684,0.0296,0.0255,0.1288,United Republic of Tanzania,-3.9926,41.5688
Papaloapan,6,0.005,0.0031,0.0022,0.0106,Mexico,21.0671,-106.4654
Paraiba,6,0.1161,0.0501,0.0291,0.1691,Brazil,-24.4919,-45.6611
Patea,6,0.0086,0.0101,0.0014,0.0288,New Zealand,-47.3896,180.0
Patsoyoki,12,0.0028,0.001,0.0014,0.0042,Norway,90.0,31.6271
Peace,12,0.0096,0.0031,0.0061,0.0151,Canada,80.8147,-126.7076
Pechora,6,0.0012,0.0007,0.0,0.0022,Russia,90.0,59.2131
Pelly,6,0.0034,0.0015,0.002,0.0058,Canada,90.0,-152.8605
Pembuang,6,0.0113,0.0051,0.0032,0.0171,Indonesia,-3.7799,125.3189
Penner,6,0.0377,0.0118,0.0158,0.0512,India,16.2838,89.2216
Penzhina,6,0.0123,0.0068,0.0051,0.0211,Russia,89.3092,180.0
Piako,6,0.0109,0.0044,0.0073,0.0192,New Zealand,-45.2788,180.0
Pinega,6,0.0021,0.0009,0.001,0.0028,Russia,90.0,46.4845
Ping,6,0.0075,0.002,0.0042,0.0098,Thailand,19.3585,110.1604
Pisco,6,0.0701,0.0025,0.0661,0.0724,Peru,-15.2818,-84.8492
Pit,12,0.0079,0.0012,0.0064,0.0098,United States of America,49.5255,-135.9151
Po,6,0.084,0.0488,0.0424,0.1633,Italy,55.4453,7.9082
Podkamennaya Tunguska,6,0.0044,0.0012,0.0022,0.0054,Russia,87.2471,100.3211
Pomahaka,6,0.0177,0.0156,0.003,0.047,New Zealand,-56.6118,180.0
Pongola,12,0.0606,0.0552,0.0114,0.1668,South Africa,-31.4844,35.5011
Popigay,6,0.003,0.0013,0.0014,0.005,Russia,90.0,118.1261
Porcupine,6,0.0034,0.0015,0.002,0.0057,Canada,90.0,-162.0054
Pukaki,6,0.0525,0.023,0.0155,0.0712,New Zealand,-54.6334,180.0
Punguè,6,0.1734,0.0577,0.0751,0.2249,Mozambique,-22.1326,38.4363
Pur,6,0.0017,0.0012,0.0,0.003,Russia,90.0,86.7046
Purari,6,0.0,0.0,0.0,0.0,Papua New Guinea,-8.6751,161.6051
Pyasina,6,0.002,0.0015,0.0,0.004,Russia,90.0,96.6058
Pánuco,6,0.0163,0.0089,0.0071,0.0303,Mexico,24.9328,-109.7498
Péribonka,6,0.0304,0.0171,0.017,0.0603,Canada,62.0334,-80.2117
Quan,12,0.1379,0.0295,0.0912,0.1892,China,38.9818,128.6368
R. des Outaouais,12,0.0362,0.0148,0.0155,0.0591,Canada,60.1828,-87.7341
Rakaia,6,0.1022,0.0274,0.07,0.1366,New Zealand,-53.2881,180.0
Ramu,6,0.0241,0.013,0.0112,0.0448,Papua New Guinea,-4.4409,161.0276
Rangitaiki,6,0.0125,0.003,0.0073,0.0166,New Zealand,-46.8897,180.0
Rangitata,6,0.1222,0.0218,0.09,0.153,New Zealand,-53.6286,180.0
Rangitikei,6,0.034,0.0082,0.0255,0.043,New Zealand,-47.0558,180.0
Rhine,6,0.0131,0.0061,0.0051,0.0206,Germany,67.3469,5.5497
Rhône,12,0.0548,0.0538,0.0073,0.1719,Switzerland,57.8234,6.8276
Richelieu,6,0.0459,0.0104,0.031,0.0541,Canada,56.0354,-81.6249
Rio Batepito,6,0.0207,0.0074,0.0143,0.0332,Mexico,35.8868,-121.5777
Rio Rapel,6,0.0109,0.0034,0.0081,0.0163,Chile,-38.6182,-79.6464
Rogue,6,0.0191,0.0041,0.014,0.0238,United States of America,52.1592,-138.1822
Rokel,6,0.0567,0.0341,0.0187,0.1059,Sierra Leone,9.5113,-14.3265
Rong,6,0.1373,0.0298,0.0914,0.1768,China,27.8701,121.8868
Roper,12,0.0226,0.0148,0.0022,0.0381,Australia,-16.4622,149.7964
Ruakituri,6,0.0108,0.0039,0.0061,0.0165,New Zealand,-46.415,180.0
Rufiji,6,0.0894,0.0237,0.063,0.1207,United Republic of Tanzania,-8.6779,43.6957
Ruvuma,6,0.0645,0.0177,0.0398,0.0836,Mozambique,-11.6483,45.0142
Río Chirripó del Atlántico,6,0.0198,0.0056,0.0108,0.0279,Costa Rica,11.2473,-92.6075
Río Grande de Matagalpa,6,0.0,0.0,0.0,0.0,Nicaragua,14.3909,-92.9603
Río Grande de Santiago,12,0.0167,0.0024,0.012,0.019,Mexico,24.7427,-117.0061
S. Fork Kuskokwim,6,0.0031,0.0015,0.001,0.005,United States of America,90.0,-172.2454
Sacramento,12,0.0097,0.0021,0.0071,0.0143,United States of America,49.4346,-136.2669
Sagavanirktok,6,0.0034,0.0015,0.002,0.0057,United States of America,90.0,-164.9715
Saguenay,6,0.0743,0.0477,0.001,0.1372,Canada,61.8601,-80.5636
Saint Lawrence,6,0.1553,0.0871,0.0535,0.242,Canada,55.9118,-83.1701
Saint Paul,6,0.0247,0.008,0.015,0.0364,Liberia,7.0964,-11.9773
Salinas,12,0.0128,0.008,0.0032,0.022,United States of America,43.7575,-135.5428
San Joaquin,12,0.0065,0.0031,0.003,0.0117,United States of America,44.1345,-133.2471
San Juan,18,0.0397,0.0296,0.0014,0.0849,Argentina,-37.9166,-74.9868
San Miguel,6,0.0358,0.003,0.03,0.0382,Bolivia,-14.9936,-71.2445
San Pedro,12,0.0305,0.0023,0.0262,0.0336,Mexico,24.6947,-117.4171
Sane,6,0.074,0.0231,0.0434,0.1061,France,58.8374,5.5115
Santa,6,0.024,0.0073,0.0103,0.0309,Peru,-11.1469,-85.9798
Santa Cruz,6,0.0165,0.0076,0.006,0.0282,Argentina,-64.1648,-76.825
Santa Maria,6,0.0303,0.0084,0.0178,0.0398,Panama,8.977,-89.5874
Santiago,6,0.0357,0.0066,0.0261,0.0453,Ecuador,-5.4432,-85.0871
Sartang,6,0.0027,0.0014,0.001,0.0045,Russia,90.0,149.625
Save,6,0.0804,0.049,0.0085,0.1531,Zimbabwe,-23.7096,39.0803
Schelde,6,0.0158,0.0072,0.0051,0.0238,Belgium,66.3559,4.796
Segre,6,0.0493,0.0272,0.015,0.0941,Spain,50.3919,0.3478
Seine,6,0.0134,0.0041,0.0082,0.0205,France,63.2653,0.549
Selennyakh,6,0.0027,0.0014,0.001,0.0045,Russia,90.0,161.3787
Sepik,6,0.0444,0.0218,0.0108,0.0672,Papua New Guinea,-4.3178,160.7633
Setit,6,0.0456,0.0191,0.0247,0.0647,Ethiopia,16.3463,39.9586
Severn,18,0.0053,0.0053,0.0,0.0228,United Kingdom,67.2645,-2.662
Severnaya Dvina,6,0.0023,0.001,0.001,0.0036,Russia,90.0,45.1184
Severnaya Sos’va,6,0.0008,0.0004,0.0,0.001,Russia,90.0,72.867
Shabeelle,6,0.0229,0.0306,0.001,0.0827,Somalia,5.4961,50.103
Shannon,12,0.0032,0.0021,0.0014,0.0073,Ireland,69.1511,-9.4055
Shebele,6,0.0229,0.0306,0.001,0.0827,Ethiopia,5.4961,50.103
Sheksna,12,0.0083,0.006,0.003,0.0231,Russia,83.7915,42.3376
Shire,6,0.1359,0.0244,0.1067,0.1761,Malawi,-16.2145,39.2483
Sittong,6,0.0293,0.0083,0.0139,0.0372,Myanmar,19.6132,107.8497
Sió,6,0.0365,0.0107,0.0242,0.0563,Hungary,58.0536,21.0466
Skeena,6,0.006,0.0011,0.005,0.0076,Canada,71.814,-144.1404
Skelleftelven,6,0.003,0.0013,0.0014,0.005,Sweden,90.0,17.8959
Slave,6,0.0301,0.0062,0.022,0.0376,Canada,86.4497,-126.5752
Song’acha,6,0.0353,0.0169,0.0089,0.0558,China,56.0062,147.8762
Soroksari Duna,6,0.0483,0.0601,0.0141,0.1681,Hungary,59.8807,21.2213
Sous,6,0.0549,0.0094,0.0408,0.0687,Morocco,35.5058,-9.5178
South Esk,6,0.0645,0.0285,0.0336,0.1068,Australia,-50.7252,163.7784
South Nahanni,6,0.0042,0.0017,0.002,0.006,Canada,85.9823,-137.2939
Sprague,6,0.0302,0.0032,0.0261,0.0355,United States of America,52.0371,-135.7549
Sreng,6,0.0443,0.005,0.0388,0.0527,Cambodia,14.7564,115.4243
Srepok,6,0.0321,0.0091,0.0173,0.0442,Cambodia,15.1166,117.9656
St.-Maurice,6,0.0599,0.0318,0.0279,0.1193,Canada,58.0696,-80.7349
Stanislaus,6,0.0099,0.0022,0.0076,0.0125,United States of America,45.0817,-134.9565
Stewart,6,0.0035,0.0014,0.002,0.005,Canada,90.0,-155.2223
Stikine,6,0.0041,0.0023,0.001,0.0067,Canada,76.5097,-147.2884
Stora Lule lv,12,0.0029,0.001,0.0014,0.0042,Sweden,90.0,22.0374
Suda,12,0.057,0.0408,0.019,0.1369,Russia,79.9158,42.7553
Sukhona,12,0.0031,0.0019,0.001,0.0067,Russia,83.3352,43.4741
Sura,6,0.0505,0.0049,0.043,0.0571,Russia,73.5533,51.6977
Susitna,6,0.0025,0.0005,0.002,0.0032,United States of America,86.7054,-167.6272
Svir,12,0.002,0.0012,0.0,0.0045,Russia,85.9297,38.7674
Taieri,6,0.0351,0.0066,0.0244,0.0432,New Zealand,-57.0103,180.0
Tajo,12,0.0337,0.0205,0.0058,0.0711,Spain,48.1134,-5.8052
Tamar,6,0.01,0.0112,0.0,0.0318,Australia,-50.3201,163.6522
Tambo,6,0.1322,0.0134,0.1077,0.1436,Peru,-19.2783,-79.9826
Tanana,6,0.0029,0.0016,0.001,0.005,United States of America,90.0,-169.2589
Taritatu,6,0.0084,0.0027,0.005,0.0117,Indonesia,-3.5297,154.4025
Tarn,6,0.0654,0.0297,0.0304,0.1148,France,54.4854,1.1453
Taymura,6,0.0029,0.0014,0.001,0.005,Russia,90.0,109.1465
Taz,6,0.0018,0.0015,0.0,0.004,Russia,90.0,87.472
Tejo,6,0.027,0.0117,0.013,0.0405,Portugal,47.0873,-9.7573
Tekapo,12,0.0778,0.055,0.0089,0.1801,New Zealand,-54.3625,180.0
Tekezé,6,0.001,0.001,0.0,0.0022,Ethiopia,15.4967,42.0973
Teslin,12,0.0096,0.0076,0.001,0.0268,Canada,82.7589,-147.0479
Thames,6,0.0236,0.0106,0.0045,0.0367,United Kingdom,66.684,0.428
Thelon,12,0.0015,0.0004,0.001,0.0022,Canada,90.0,-108.0949
Thlewiaza,12,0.0134,0.0072,0.0071,0.0244,Canada,84.4498,-108.0563
Ticino,12,0.1065,0.1129,0.0081,0.341,Italy,57.06,9.5963
Tobol,6,0.0595,0.0688,0.012,0.185,Russia,79.6644,75.9402
Tom’,6,0.0449,0.02,0.025,0.0822,Russia,77.0606,93.994
Tone,6,0.0831,0.0117,0.0705,0.101,Japan,42.389,156.8012
Tongariro,6,0.0047,0.0023,0.0014,0.0081,New Zealand,-47.1644,180.0
Tonle Sap,12,0.026,0.0196,0.003,0.0527,Cambodia,14.7564,115.4243
Tornelven,6,0.003,0.0012,0.0014,0.0042,Sweden,90.0,26.8982
Trent,6,0.0134,0.0058,0.0071,0.0234,United Kingdom,70.7757,-0.7854
Trinity,6,0.0108,0.0033,0.0063,0.0136,United States of America,50.1413,-137.6907
Trofimovskaya Protoka,6,0.0029,0.0015,0.0014,0.0051,Russia,90.0,140.8325
Tsiribihina,6,0.0307,0.0079,0.0222,0.0419,Madagascar,-22.1657,49.4389
Tsna,6,0.0662,0.0176,0.035,0.0854,Russia,72.7708,46.602
Tugela,6,0.0565,0.0288,0.0222,0.0941,South Africa,-33.8246,35.0451
Tukituki,6,0.0287,0.0084,0.0163,0.0376,New Zealand,-48.2595,180.0
Tuloma,6,0.0024,0.0012,0.001,0.0042,Russia,90.0,35.3538
Tumatskaya Protoka,6,0.0029,0.0015,0.0014,0.0051,Russia,90.0,140.8917
Tumbes,6,0.0207,0.0102,0.0125,0.0376,Ecuador,-5.4136,-90.3811
Tumen,6,0.0149,0.0066,0.0086,0.0239,North Korea,51.7653,145.4948
Tungabhadra,12,0.051,0.0307,0.0082,0.1024,India,17.0938,84.9583
Tura,6,0.0792,0.0128,0.0631,0.0914,Russia,77.699,74.5369
Turakina,6,0.0293,0.0084,0.0177,0.0385,New Zealand,-47.6978,180.0
Tutaekuri,6,0.0086,0.0101,0.0014,0.0288,New Zealand,-47.4162,180.0
Tvertsa,6,0.0271,0.012,0.0098,0.0428,Russia,76.9839,40.0332
Tyung,6,0.0029,0.0015,0.0014,0.0051,Russia,90.0,135.2512
Ucayali,6,0.0279,0.0102,0.013,0.0408,Peru,-4.9199,-81.8072
Uchur,6,0.0239,0.0153,0.0081,0.0437,Russia,78.0264,146.1492
Udzha,6,0.003,0.0014,0.0014,0.0051,Russia,90.0,127.1283
Unzha,12,0.0286,0.0237,0.005,0.0693,Russia,77.9166,48.0652
Urique,6,0.0086,0.0067,0.0,0.0163,Mexico,30.9723,-120.1655
Usa,6,0.001,0.0005,0.0,0.0014,Russia,90.0,63.3208
Ussuri,6,0.0327,0.0179,0.0054,0.0522,Russia,56.8171,148.5167
Vakh,6,0.0061,0.0033,0.002,0.0108,Russia,85.5122,85.4999
Vasyugan,6,0.0832,0.0222,0.0686,0.124,Russia,81.6978,89.8394
Velikaya,6,0.0169,0.0094,0.0054,0.0295,Russia,79.0368,31.3271
Verde,18,0.0206,0.0126,0.0051,0.0382,Brazil,-23.9937,-57.7394
Verkhniy Yenisey,6,0.0556,0.0344,0.0143,0.097,Russia,70.8573,101.8695
Verkhnyaya Taymyra,6,0.003,0.0013,0.0014,0.005,Russia,90.0,111.0764
Vienne,6,0.0472,0.0194,0.0251,0.0743,France,59.4639,0.0839
Vilyuy,12,0.0029,0.0014,0.0014,0.0051,Russia,90.0,121.9915
Vishera,6,0.0027,0.002,0.0,0.0054,Russia,83.4164,62.8204
Vistula,12,0.0525,0.0314,0.0108,0.1271,Poland,64.0059,20.9397
Vitim,6,0.0037,0.0023,0.001,0.006,Russia,82.3104,125.5399
Volga,6,0.0737,0.0339,0.0391,0.1383,Russia,69.7441,54.1699
Volkhov,12,0.006,0.0045,0.0014,0.0149,Russia,80.4017,34.8429
Vorma,24,0.0039,0.0024,0.0,0.0102,Norway,84.5541,12.5009
Voronya,12,0.0023,0.0009,0.001,0.0036,Russia,90.0,39.1712
Vuoksi,12,0.0131,0.0125,0.0,0.0361,Russia,84.1528,34.9678
Vychegda,6,0.0067,0.0038,0.0014,0.011,Russia,86.5458,51.8649
Vym,6,0.0035,0.0011,0.0022,0.005,Russia,88.7193,56.0934
Waal,6,0.0176,0.0115,0.006,0.034,Netherlands,67.1399,4.9015
Waiau,18,0.0207,0.0129,0.003,0.047,New Zealand,-56.7946,180.0
Waihou,6,0.0126,0.0034,0.0073,0.0157,New Zealand,-45.6448,180.0
Waikato,12,0.0404,0.0314,0.0073,0.0881,New Zealand,-46.8851,180.0
Waimakariri,6,0.0385,0.0293,0.0072,0.0877,New Zealand,-52.7321,180.0
Wainganga,6,0.1013,0.0526,0.0427,0.1759,India,21.2076,88.9631
Wairau,6,0.0309,0.0127,0.0184,0.0455,New Zealand,-51.5398,180.0
Wairoa,12,0.0219,0.0115,0.0028,0.0425,New Zealand,-42.128,180.0
Waitaki,6,0.0418,0.0108,0.026,0.0516,New Zealand,-55.2311,180.0
Waitoa,6,0.0297,0.0105,0.014,0.0425,New Zealand,-45.3974,180.0
Wami,6,0.1197,0.0166,0.1051,0.149,United Republic of Tanzania,-6.8224,43.2447
Weser,6,0.0186,0.0051,0.0125,0.026,Germany,70.1519,9.467
Whakatane,6,0.0069,0.0045,0.0,0.0122,New Zealand,-46.4302,180.0
Whangaehu,6,0.0068,0.0039,0.0022,0.0117,New Zealand,-47.3508,180.0
Whanganui,6,0.0094,0.0151,0.0,0.0345,New Zealand,-46.9573,180.0
White,6,0.0035,0.0014,0.002,0.005,United States of America,40.6638,-101.5107
White Sea Canal,12,0.0023,0.0009,0.001,0.0036,Russia,90.0,38.2087
Willamette,6,0.0184,0.0146,0.002,0.0342,United States of America,56.9491,-136.6271
Xi,6,0.0057,0.0029,0.001,0.0089,China,25.6438,125.9753
Xiang,6,0.0953,0.03,0.0516,0.1314,China,33.7362,125.7838
Xun,6,0.1013,0.0199,0.0724,0.1202,China,26.7323,123.9001
Yana,6,0.0027,0.0014,0.001,0.0045,Russia,90.0,151.3668
Yangtze,6,0.0266,0.0057,0.019,0.0368,China,37.6642,133.1452
Yapacani,6,0.0032,0.0026,0.0,0.0076,Bolivia,-17.7698,-71.9804
Yaqui,12,0.0182,0.0039,0.0108,0.0233,Mexico,32.452,-122.3157
Yenisey,6,0.002,0.0015,0.0,0.004,Russia,90.0,92.5919
Yi,6,0.0447,0.0234,0.023,0.0759,China,41.0072,132.6932
Ying,6,0.0113,0.0193,0.0,0.049,China,38.0602,129.7116
Yom,12,0.0421,0.0518,0.0085,0.2001,Thailand,20.2897,112.0014
Yong,6,0.2136,0.0394,0.1411,0.2613,China,25.8329,121.2243
Yonne,6,0.0309,0.0215,0.004,0.0662,France,61.4116,3.2961
You,6,0.0952,0.0128,0.076,0.112,China,25.9662,120.3278
Yu,6,0.2136,0.0394,0.1411,0.2613,China,25.8329,121.2243
Yuan,12,0.061,0.0255,0.0192,0.1064,China,33.5891,125.685
Yukon,6,0.0029,0.0016,0.001,0.005,United States of America,90.0,-180.0
Zambezi,6,0.1127,0.0787,0.0022,0.2123,Mozambique,-17.5179,34.2824
Zncara,6,0.0355,0.0173,0.012,0.057,Spain,47.4005,-3.5228
Zuo,6,0.0952,0.0128,0.076,0.112,China,25.9662,120.3278
Ångermanälven,12,0.003,0.0013,0.0014,0.005,Sweden,90.0,18.6669
Þjórsá,6,0.0024,0.0012,0.001,0.0041,Iceland,90.0,-21.7646
